1;null;Elektronika;https://www.komputronik.pl/category/14508/elektronika.html
2;1;Laptopy | Tablety;https://www.komputronik.pl/category/5803/laptopy-tablety.html
3;2;Laptopy;https://www.komputronik.pl/category/5022/laptopy.html
4;2;Laptopy Apple MacBook;https://www.komputronik.pl/category/15251/apple-macbook.html
5;2;Microsoft Surface;https://www.komputronik.pl/category/16039/microsoft-surface.html
6;2;Akcesoria do laptopów;https://www.komputronik.pl/category/10218/akcesoria-do-laptopow.html
7;2;Tablety;https://www.komputronik.pl/category/8923/tablety.html
8;2;Akcesoria do tabletów;https://www.komputronik.pl/category/10219/akcesoria-do-tabletow.html
9;2;Czytniki e-book;https://www.komputronik.pl/category/8011/czytniki-ebook.html
10;2;Akcesoria do czytników;https://www.komputronik.pl/category/11357/akcesoria-do-czytnikow-ebookow.html
11;1;Komputery | Serwery;https://www.komputronik.pl/category/15245/komputery-serwery.html
12;11;Komputery PC;https://www.komputronik.pl/category/5801/komputery-pc.html
13;11;Komputery Mac;https://www.komputronik.pl/category/12182/komputery-mac.html
14;11;Komputery All-In-One;https://www.komputronik.pl/category/6280/komputery-aio.html
15;11;Komputery Mini-PC;https://www.komputronik.pl/category/8338/komputery-mini-pc.html
16;11;Intel Extreme Masters;https://www.komputronik.pl/category/15102/komputery-iem.html
17;11;PC on stick;https://www.komputronik.pl/category/15593/pc-on-stick.html
18;11;Serwery;https://www.komputronik.pl/category/5802/serwery.html
19;11;Stacje Robocze;https://www.komputronik.pl/category/3817/stacje-robocze.html
20;11;Pakiety Serwisowe;https://www.komputronik.pl/category/17000/pakiety-serwisowe.html
21;1;Części PC;https://www.komputronik.pl/category/5805/sprzet-komputerowy.html
22;21;Akcesoria do dysków twardych;https://www.komputronik.pl/category/17441/akcesoria-do-dyskow-twardych.html
23;21;Akcesoria do kart graficznych;https://www.komputronik.pl/category/1209/Sprzet_komputerowy_Podzespoly_Akcesoria_.html
24;21;Akcesoria do obudów;https://www.komputronik.pl/category/7965/akcesoria-do-obudow.html
25;21;Akcesoria do płyt głównych;https://www.komputronik.pl/category/7197/akcesoria-do-plyt-glownych.html
26;21;Chłodzenie;https://www.komputronik.pl/category/3215/chlodzenie.html
27;21;Czytniki kart pamięci wewnętrzne;https://www.komputronik.pl/category/4425/czytniki-kart-pamieci-wewnetrzne.html
28;21;Dyski;https://www.komputronik.pl/category/857/dyski.html
29;21;Karty dźwiękowe;https://www.komputronik.pl/category/1212/karty-dzwiekowe.html
30;21;Karty graficzne;https://www.komputronik.pl/category/1099/karty-graficzne.html
31;21;Kontrolery PCI;https://www.komputronik.pl/category/996/kontrolery-pci.html
32;21;Modding;https://www.komputronik.pl/category/5399/tuning-pc.html
33;21;Napędy optyczne;https://www.komputronik.pl/category/1054/napedy-optyczne.html
34;21;Obudowy komputerowe;https://www.komputronik.pl/category/2701/obudowy-komputerowe.html
35;21;Pamięci RAM;https://www.komputronik.pl/category/437/pamiec-ram.html
36;21;Płyty główne;https://www.komputronik.pl/category/757/plyty-glowne.html
37;21;Procesory;https://www.komputronik.pl/category/401/procesory.html
38;21;Sloty (Brackets);https://www.komputronik.pl/category/17431/sloty-do-komputera.html
39;21;Zasilacze do obudów;https://www.komputronik.pl/category/2869/zasilacze-komputerowe.html
40;1;Dla graczy;https://www.komputronik.pl/category/8737/dla-graczy.html
41;40;Gry;https://www.komputronik.pl/category/17810/gry.html
42;40;Sprzęt PC do gier;https://www.komputronik.pl/category/13186/sprzet-pc-do-gier.html
43;40;Laptopy do gier;https://www.komputronik.pl/search-filter/5022/laptopy-do-gier
44;40;PlayStation 4;https://www.komputronik.pl/category/13188/playstation-4.html
45;40;PlayStation 3;https://www.komputronik.pl/category/13187/playstation-3.html
46;40;PlayStation Vita;https://www.komputronik.pl/category/13189/playstation-vita.html
47;40;Karty PSN;https://www.komputronik.pl/category/17689/karty-psn.html
48;40;Xbox ONE;https://www.komputronik.pl/category/13191/xbox-one.html
49;40;Xbox 360;https://www.komputronik.pl/category/13190/xbox-360.html
50;40;Karty Xbox Live/CSV;https://www.komputronik.pl/category/13630/karty-xbox-live-csv.html
51;40;Nintendo SWITCH;https://www.komputronik.pl/category/18058/nintendo-switch.html
52;40;Nintendo 2DS/3DS;https://www.komputronik.pl/category/17700/nintendo-2ds-3ds.html
53;40;Nintendo Classic Mini NES;https://www.komputronik.pl/category/17701/nintendo-classic-mini-nes.html
54;40;Fotele gamingowe;https://www.komputronik.pl/category/15588/fotele-gamingowe.html
55;40;Biurka gamingowe;https://www.komputronik.pl/category/18696/biurka-gamingowe.html
56;40;Artykuły kolekcjonerskie;https://www.komputronik.pl/category/13627/artykuly-kolekcjonerskie.html
57;40;Pady do smartfonów;https://www.komputronik.pl/category/18422/pady-do-smartfonow.html
58;1;Peryferia PC;https://www.komputronik.pl/category/5810/peryferia-pc.html
59;58;Akcesoria do monitorów;https://www.komputronik.pl/category/1254/akcesoria-do-monitorow.html
60;58;Czytniki kart pamięci;https://www.komputronik.pl/category/747/czytniki-kart-pamieci-zewnetrzne.html
61;58;Drukowanie;https://www.komputronik.pl/category/1497/drukowanie.html
62;58;Dyski zewnętrzne;https://www.komputronik.pl/category/8874/dyski-zewnetrzne.html
63;58;Etui do dysków zewnętrznych;https://www.komputronik.pl/category/7280/etui-do-dyskow-twardych.html
64;58;Stacje dyskietek;https://www.komputronik.pl/category/1098/stacje-dyskietek.html
65;58;Głośniki;https://www.komputronik.pl/category/3033/glosniki-komputerowe.html
66;58;Kamery internetowe;https://www.komputronik.pl/category/1754/kamery-internetowe.html
67;58;Karty dźwiękowe (zewn.);https://www.komputronik.pl/category/9513/karty-dzwiekowe-zewnetrzne.html
68;58;Karty Video;https://www.komputronik.pl/category/1238/karty-grabbery-wideo.html
69;58;Klawiatury;https://www.komputronik.pl/category/6569/klawiatury-pc.html
70;58;Klawiatura i mysz - zestawy;https://www.komputronik.pl/category/6583/klawiatura-i-mysz-zestawy.html
71;58;Kontrolery do gier PC;https://www.komputronik.pl/category/2998/kontrolery-do-gier-pc.html
72;58;Mikrofony;https://www.komputronik.pl/category/8083/mikrofony.html
73;58;Monitory;https://www.komputronik.pl/category/1251/monitory.html
74;58;Myszki;https://www.komputronik.pl/category/2954/myszki-komputerowe.html
75;58;Napędy optyczne zewnętrzne;https://www.komputronik.pl/category/8669/napedy-optyczne-zewnetrzne.html
76;58;Pendrive;https://www.komputronik.pl/category/686/pendrive.html
77;58;Podkładki pod myszkę;https://www.komputronik.pl/category/2985/podkladki-pod-myszke.html
78;58;Prezentery i wskaźniki;https://www.komputronik.pl/category/8142/wskazniki.html
79;58;Projektory i ekrany;https://www.komputronik.pl/category/1420/projektory-i-ekrany.html
80;58;Skanery;https://www.komputronik.pl/category/1676/skanery.html
81;58;Słuchawki;https://www.komputronik.pl/category/8077/sluchawki.html
82;58;Storage i Archiwizacja;https://www.komputronik.pl/category/2634/storage-i-archiwizacja.html
83;58;Tablety graficzne;https://www.komputronik.pl/category/1743/tablety-graficzne.html
84;58;Tunery TV USB;https://www.komputronik.pl/category/1222/tunery-telewizyjne-pc.html
85;58;Urządzenia wielofunkcyjne;https://www.komputronik.pl/search-filter/7789/urzadzenia-wielofunkcyjne
86;58;Zasilanie awaryjne;https://www.komputronik.pl/category/2664/zasilanie-awaryjne.html
87;1;Sieci i komunikacja;https://www.komputronik.pl/category/5809/sieci-komputerowe.html
88;87;Akcesoria sieciowe;https://www.komputronik.pl/category/2467/akcesoria-sieciowe.html
89;87;Anteny sieciowe;https://www.komputronik.pl/category/2581/anteny-sieciowe.html
90;87;Karty sieciowe;https://www.komputronik.pl/category/2372/karty-sieciowe.html
91;87;Modemy USB;https://www.komputronik.pl/category/15140/modemy-gsm.html
92;87;Monitoring;https://www.komputronik.pl/category/17025/monitoring.html
93;87;NAS - serwery plików;https://www.komputronik.pl/category/7071/nas-serwery-plikow.html
94;87;Przełączniki;https://www.komputronik.pl/category/5825/przelaczniki-switche.html
95;87;Przełączniki KVM;https://www.komputronik.pl/category/2551/przelaczniki-kvm.html
96;87;Punkty dostępu;https://www.komputronik.pl/category/2436/access-pointy.html
97;87;Routery;https://www.komputronik.pl/category/2371/routery.html
98;87;Serwery wydruku;https://www.komputronik.pl/category/2538/serwery-wydruku.html
99;87;Systemy Mesh;https://www.komputronik.pl/category/18141/systemy-mesh.html
100;87;Szafy RACK;https://www.komputronik.pl/category/2566/szafy-rack.html
101;87;Transmitery sieciowe (powerline);https://www.komputronik.pl/category/7343/powerline-plc.html
102;87;Wzmacniacze sygnału;https://www.komputronik.pl/category/13954/wzmacniacze-sygnalu-wifi-repeatery.html
103;87;Zapory ogniowe (firewall);https://www.komputronik.pl/category/2547/zapory-ogniowe-firewall-.html
104;1;Inteligentny dom;https://www.komputronik.pl/category/16911/inteligentny-dom.html
105;104;Asystenci głosowi;https://www.komputronik.pl/category/18719/asystenci-glosowi.html
106;104;Centralki do inteligentnego domu;https://www.komputronik.pl/category/18161/centralki-do-inteligentnego-domu.html
107;104;Czujniki inteligentne;https://www.komputronik.pl/category/17028/czujniki-inteligentne.html
108;104;Inteligentne gniazdka (Smart Plug);https://www.komputronik.pl/category/17026/inteligentne-gniazdka-smart-plug-.html
109;104;Inteligentne oświetlenie;https://www.komputronik.pl/category/18144/inteligentne-oswietlenie.html
110;104;Inteligentne ogrzewanie;https://www.komputronik.pl/category/18157/inteligentne-ogrzewanie.html
111;104;Inteligentne stacje pogodowe;https://www.komputronik.pl/category/18692/inteligentne-stacje-pogodowe.html
112;104;Kamery do monitoringu;https://www.komputronik.pl/category/7895/kamery-ip-do-monitoringu.html
113;104;Panele inteligentne;https://www.komputronik.pl/category/18323/panele-inteligentne.html
114;104;Piloty IR;https://www.komputronik.pl/category/18320/piloty-ir.html
115;104;Przyciski inteligentne;https://www.komputronik.pl/category/18322/przyciski-inteligentne.html
116;104;Sterowniki inteligentne;https://www.komputronik.pl/category/18327/sterowniki-inteligentne.html
117;104;Systemy alarmowe;https://www.komputronik.pl/category/18259/systemy-alarmowe.html
118;104;Wideodomofony;https://www.komputronik.pl/category/18189/wideodomofony.html
119;104;Zestawy do monitoringu;https://www.komputronik.pl/category/18127/zestawy-do-monitoringu.html
120;104;Zestawy inteligentnego domu;https://www.komputronik.pl/category/17029/zestawy-inteligentnego-domu.html
121;1;Oprogramowanie;https://www.komputronik.pl/category/5808/oprogramowanie.html
122;121;Antywirusy i bezpieczeństwo;https://www.komputronik.pl/category/2032/oprogramowanie-antywirusowe.html
123;121;Biurowe;https://www.komputronik.pl/category/2124/oprogramowanie-biurowe.html
124;121;Dla dzieci;https://www.komputronik.pl/category/3584/dla-dzieci.html
125;121;Graficzne, video i projektowanie;https://www.komputronik.pl/category/15149/oprogramowanie-projektowe.html
126;121;Książki i podręczniki;https://www.komputronik.pl/category/10422/ksiazki-i-podreczniki.html
127;121;Mapy do nawigacji;https://www.komputronik.pl/category/6336/mapy-do-nawigacji.html
128;121;Muzyczne;https://www.komputronik.pl/category/2240/oprogramowanie-muzyczne.html
129;121;Narzędziowe;https://www.komputronik.pl/category/2160/oprogramowanie-narzedziowe.html
130;121;Oprogramowanie dla Apple;https://www.komputronik.pl/category/5140/oprogramowanie-apple.html
131;121;Systemy baz danych;https://www.komputronik.pl/category/15155/systemy-baz-danych.html
132;121;Systemy operacyjne;https://www.komputronik.pl/category/1970/systemy-operacyjne.html
133;121;Zarządzanie firmą;https://www.komputronik.pl/category/15164/oprogramowanie-zarzadzanie-firma.html
134;1;Akcesoria | Eksploatacja;https://www.komputronik.pl/category/10217/akcesoria-eksploatacja.html
135;134;Akcesoria Foto;https://www.komputronik.pl/category/9622/akcesoria-fotograficzne.html
136;134;Akcesoria GSM;https://www.komputronik.pl/category/10243/akcesoria-do-telefonow-gsm.html
137;134;Akcesoria dla zmotoryzowanych;https://www.komputronik.pl/category/8971/akcesoria-samochodowe.html
138;134;Akcesoria USB;https://www.komputronik.pl/category/3192/akcesoria-usb.html
139;134;Druk - materiały eksploatacyjne;https://www.komputronik.pl/category/10532/materialy-eksploatacyjne-do-drukarek.html
140;134;Kable i adaptery;https://www.komputronik.pl/category/9407/kable-i-adaptery.html
141;134;Kosmetyka biurowa;https://www.komputronik.pl/category/3338/kosmetyka-biurowa.html
142;134;Nośniki danych;https://www.komputronik.pl/category/3394/nosniki-danych.html
143;134;Zasilanie;https://www.komputronik.pl/category/15706/zasilanie.html
144;1;Foto | Wideo;https://www.komputronik.pl/category/5807/foto-wideo.html
145;144;Drukarki sublimacyjne;https://www.komputronik.pl/search-filter/7789/drukarki-sublimacyjne
146;144;Aparaty cyfrowe;https://www.komputronik.pl/category/9308/aparaty-cyfrowe.html
147;144;Kamery;https://www.komputronik.pl/category/17905/kamery.html
148;144;Lampy błyskowe;https://www.komputronik.pl/category/4082/lampy-blyskowe.html
149;144;Obiektywy;https://www.komputronik.pl/category/1802/obiektywy.html
150;144;Statywy;https://www.komputronik.pl/category/1770/statywy-do-aparatow.html
151;144;Gimbale;https://www.komputronik.pl/category/18302/gimbale.html
152;144;Karty pamięci;https://www.komputronik.pl/category/611/karty-pamieci.html
153;144;Akcesoria do kamer sportowych;https://www.komputronik.pl/category/18099/akcesoria-do-kamer-sportowych.html
154;144;Akcesoria Foto;https://www.komputronik.pl/category/9622/akcesoria-fotograficzne.html
155;144;Torby, Pokrowce;https://www.komputronik.pl/category/1771/pokrowce-torby-do-aparatow.html
156;144;Drony;https://www.komputronik.pl/category/13555/drony-wielowirnikowce.html
157;144;Sprzęt optyczny;https://www.komputronik.pl/category/17907/sprzet-optyczny.html
158;144;Ramki cyfrowe do zdjęć;https://www.komputronik.pl/category/6290/ramki-cyfrowe.html
159;1;Biuro | Firma;https://www.komputronik.pl/category/5811/biuro.html
160;159;Akcesoria na biurko;https://www.komputronik.pl/category/14326/akcesoria-na-biurko.html
161;159;Akcesoria do niszczarek;https://www.komputronik.pl/category/5016/akcesoria-do-niszczarek.html
162;159;Archiwizacja dokumentów;https://www.komputronik.pl/category/18419/archiwizacja-dokumentow.html
163;159;Artykuły piśmiennicze;https://www.komputronik.pl/category/18373/artykuly-pismiennicze.html
164;159;Czytniki kodów kreskowych;https://www.komputronik.pl/category/6720/czytniki-kodow-kreskowych.html
165;159;Drukarki etykiet;https://www.komputronik.pl/category/6724/drukarki-etykiet.html
166;159;Flipcharty;https://www.komputronik.pl/category/14317/flipcharty.html
167;159;Liczarki pieniędzy;https://www.komputronik.pl/category/14347/liczarki-pieniedzy.html
168;159;Meble biurowe;https://www.komputronik.pl/category/10541/meble-biurowe.html
169;159;Niszczarki dokumentów;https://www.komputronik.pl/category/4148/niszczarki-dokumentow.html
170;159;Oprawa dokumentów;https://www.komputronik.pl/category/10542/oprawa-dokumentow.html
171;159;Organizacja dokumentów;https://www.komputronik.pl/category/13278/organizacja-dokumentow.html
172;159;Projektory i ekrany;https://www.komputronik.pl/category/1420/projektory-i-ekrany.html
173;159;Rolki do kas fiskalnych;https://www.komputronik.pl/category/18464/rolki-do-kas-fiskalnych.html
174;159;Tablice;https://www.komputronik.pl/category/14316/tablice.html
175;159;Tablice interaktywne;https://www.komputronik.pl/category/16893/tablice-interaktywne.html
176;159;Telefonia analogowa;https://www.komputronik.pl/category/4143/telefonia-analogowa.html
177;159;Telefonia VOIP;https://www.komputronik.pl/category/10561/telefonia-voip.html
178;159;Testery pieniędzy;https://www.komputronik.pl/category/18072/testery-pieniedzy.html
179;159;Uzdatnianie powietrza;https://www.komputronik.pl/category/12705/uzdatnianie-powietrza.html
180;159;Wideokonferencje;https://www.komputronik.pl/category/17030/wideokonferencje.html
181;1;Rozwiązania profesjonalne;https://www.komputronik.pl/category/18682/rozwiazania-profesjonalne.html
182;181;Monitory reklamowe (Digital Signage);https://www.komputronik.pl/category/18683/monitory-reklamowe-digital-signage-.html
183;181;Monitory przemysłowe;https://www.komputronik.pl/category/18684/monitory-przemyslowe.html
184;null;Telefony i Smartwatche;https://www.komputronik.pl/category/9434/telefony.html
185;184;Telefony i Smartfony;https://www.komputronik.pl/category/1596/smartfony.html
186;185;Wszystkie telefony;https://www.komputronik.pl/category/1596/smartfony.html
187;185;Telefony iPhone;https://www.komputronik.pl/category/8960/iphone.html
188;185;Telefony z Dual SIM;https://www.komputronik.pl/search-filter/1596/smartfony-z-dual-sim
189;185;Telefony dotykowe;https://www.komputronik.pl/category/1596/smartfony.html?a%5B109037%5D%5B%5D=55354&filter=1#!#%23products-list
190;185;Telefony z LTE;https://www.komputronik.pl/search-filter/1596/smartfony-z-4g-lte
191;184;Akcesoria GSM;https://www.komputronik.pl/category/10243/akcesoria-do-telefonow-gsm.html
192;191;Słuchawki do telefonu;https://www.komputronik.pl/search-filter/8077/sluchawki-do-telefonu
193;191;Baterie do telefonów;https://www.komputronik.pl/category/7286/baterie-do-smartfonow.html
194;191;Etui na telefon;https://www.komputronik.pl/category/1647/etui-na-telefon.html
195;191;Transmitery FM;https://www.komputronik.pl/category/11220/transmitery-fm.html
196;191;Gimbale;https://www.komputronik.pl/category/18302/gimbale.html
197;191;Głośniki przenośne;https://www.komputronik.pl/category/6590/glosniki-przenosne.html
198;191;Kable do telefonów;https://www.komputronik.pl/category/8358/kable-adaptery-do-smartfonow.html
199;191;Kamery termowizyjne do smartfonów;https://www.komputronik.pl/category/17749/kamery-termowizyjne-do-smartfonow.html
200;191;Karty Micro Secure Digital (microSD);https://www.komputronik.pl/search-filter/611/karty-micro-secure-digital-microsd
201;191;Kosmetyka;https://www.komputronik.pl/category/10322/kosmetyki-biurowe.html
202;191;Lampy LED do smartfonów;https://www.komputronik.pl/category/18540/lampy-led-do-smartfonow.html
203;191;Ładowarki do telefonu;https://www.komputronik.pl/category/7282/ladowarki-gsm.html
204;191;Obiektywy do smartfonów;https://www.komputronik.pl/category/17869/obiektywy-do-smartfonow.html
205;191;Ochrona ekranu;https://www.komputronik.pl/category/18434/ochrona-ekranu.html
206;191;Okulary VR;https://www.komputronik.pl/category/17064/okulary-vr.html
207;191;Pady do smartfonów;https://www.komputronik.pl/category/18422/pady-do-smartfonow.html
208;191;Piloty IR;https://www.komputronik.pl/category/18320/piloty-ir.html
209;191;Podkładki antypoślizgowe;https://www.komputronik.pl/category/1635/podkladki-antyposlizgowe.html
210;191;Podstawki i standy;https://www.komputronik.pl/category/9853/podstawki-na-telefon.html
211;191;Power Banki;https://www.komputronik.pl/category/10353/power-bank.html
212;191;Pozostałe;https://www.komputronik.pl/category/10621/pozostale.html
213;191;Rysiki;https://www.komputronik.pl/category/9641/rysiki-do-smartfonu-tabletu.html
214;191;Stacje dokujące do telefonów;https://www.komputronik.pl/category/18501/stacje-dokujace-do-telefonow.html
215;191;Selfie stick;https://www.komputronik.pl/category/17528/kijki-do-selfie.html
216;191;Uchwyty do telefonów;https://www.komputronik.pl/category/7285/uchwyty-do-telefonow.html
217;191;Zestawy słuchawkowe;https://www.komputronik.pl/category/10298/zestawy-sluchawkowe.html
218;184;Telefonia VOIP;https://www.komputronik.pl/category/10561/telefonia-voip.html
219;218;Telefony VOIP;https://www.komputronik.pl/category/12900/telefony-voip.html
220;218;Bramki VOIP;https://www.komputronik.pl/category/12901/bramki-voip.html
221;218;Akcesoria do VOIP;https://www.komputronik.pl/category/12902/akcesoria-do-voip.html
222;184;Telefonia analogowa;https://www.komputronik.pl/category/4143/telefonia-analogowa.html
223;222;Słuchawki dla biznesu;https://www.komputronik.pl/search-filter/8077/sluchawki-dla-biznesu
224;222;Dodatkowe słuchawki do telefonów;https://www.komputronik.pl/category/6596/dodatkowe-sluchawki-do-telefonow.html
225;222;Telefony stacjonarne;https://www.komputronik.pl/category/18033/telefony-stacjonarne.html
226;222;Telefony ISDN;https://www.komputronik.pl/category/11658/telefony-isdn.html
227;184;Smartwatche i zegarki;https://www.komputronik.pl/category/18499/smartwatche-i-zegarki.html
228;227;Smartwatche;https://www.komputronik.pl/category/14514/smartwatche.html
229;227;Zegarki klasyczne;https://www.komputronik.pl/category/18574/zegarki-klasyczne.html
230;227;Zegarki sportowe;https://www.komputronik.pl/category/6949/zegarki-sportowe.html
231;227;Opaski sportowe;https://www.komputronik.pl/category/14231/opaski-sportowe-pulsometry.html
232;227;Paski do zegarków;https://www.komputronik.pl/category/18500/paski-do-zegarkow.html
233;227;Akcesoria do zegarków sportowych;https://www.komputronik.pl/category/14229/akcesoria-do-zegarkow-sportowych.html
234;null;Telewizory i RTV;https://www.komputronik.pl/category/5806/sprzet-rtv.html
235;234;Telewizory;https://www.komputronik.pl/category/5431/telewizory.html
236;235;Wszystkie telewizory;https://www.komputronik.pl/category/5431/telewizory.html
237;235;Telewizory Full HD;https://www.komputronik.pl/search-filter/5431/telewizor-full-hd
238;235;Telewizory 4K Ultra HD;https://www.komputronik.pl/search-filter/5431/telewizor-4k-uhd
239;235;Telewizory zakrzywione;https://www.komputronik.pl/search-filter/5431/telewizory-z-zakrzywionym-ekranem
240;235;Telewizory z Ambilight;https://www.komputronik.pl/category/5431/telewizory.html?a%5B113931%5D%5B%5D=1&prod%5B%5D=138&filter=1#!#products-list
241;234;Projektory i ekrany;https://www.komputronik.pl/category/1420/projektory-i-ekrany.html
242;241;Projektory;https://www.komputronik.pl/category/11560/projektory.html
243;241;Ekrany do projektorów;https://www.komputronik.pl/category/1464/ekrany-do-projektorow.html
244;241;Uchwyty do projektorów;https://www.komputronik.pl/category/4853/uchwyty-do-projektorow.html
245;241;Tablice interaktywne;https://www.komputronik.pl/category/16893/tablice-interaktywne.html
246;241;Akcesoria do projektorów;https://www.komputronik.pl/category/1488/akcesoria-do-projektorow.html
247;234;Tunery | dekodery;https://www.komputronik.pl/category/5500/tunery-dekodery-anteny.html
248;247;Tunery DVB-T (Telewizja naziemna);https://www.komputronik.pl/category/6246/tunery-dvb-t.html
249;247;Tunery DVB-S (Telewizja satelitarna);https://www.komputronik.pl/category/6256/tunery-satelitarne-dvb-s.html
250;247;Tunery DVB-C (Telewizja kablowa);https://www.komputronik.pl/category/12754/tunery-dvb-c.html
251;247;Tunery TV USB;https://www.komputronik.pl/category/1222/tunery-telewizyjne-pc.html
252;234;Kino domowe;https://www.komputronik.pl/category/1385/kino-domowe.html
253;252;Zestawy kina domowego;https://www.komputronik.pl/category/15567/zestawy-kina-domowego.html
254;252;Amplitunery;https://www.komputronik.pl/category/15569/amplitunery.html
255;252;Wzmacniacze audio;https://www.komputronik.pl/category/15580/wzmacniacze-audio.html
256;252;Głośniki soundbar;https://www.komputronik.pl/category/15572/soundbary.html
257;252;Kolumny;https://www.komputronik.pl/category/1414/kolumny.html
258;252;Subwoofery;https://www.komputronik.pl/category/15576/subwoofery.html
259;234;Odtwarzacze video;https://www.komputronik.pl/category/7730/odtwarzacze-video.html
260;259;Odtwarzacze DVD;https://www.komputronik.pl/category/1390/odtwarzacze-dvd.html
261;259;Odtwarzacze Blu-Ray;https://www.komputronik.pl/category/1404/odtwarzacze-blu-ray.html
262;259;Odtwarzacze przenośne;https://www.komputronik.pl/category/1400/odtwarzacze-przenosne.html
263;259;Odtwarzacze multimedialne;https://www.komputronik.pl/category/7733/odtwarzacze-multimedialne.html
264;234;Sprzęt audio;https://www.komputronik.pl/category/9039/sprzet-audio.html
265;264;Amplitunery;https://www.komputronik.pl/category/15569/amplitunery.html
266;264;Głośniki bezprzewodowe domowe;https://www.komputronik.pl/category/14235/glosniki-bezprzewodowe-domowe.html
267;264;Głośniki przenośne;https://www.komputronik.pl/category/6590/glosniki-przenosne.html
268;264;Głośniki soundbar;https://www.komputronik.pl/category/15572/soundbary.html
269;264;Gramofony;https://www.komputronik.pl/category/15579/gramofony.html
270;264;Kolumny;https://www.komputronik.pl/category/1414/kolumny.html
271;264;Mikrofony;https://www.komputronik.pl/category/8083/mikrofony.html
272;264;Mikro i Mini Wieże;https://www.komputronik.pl/category/7366/mini-wieze-audio.html
273;264;Przetworniki DAC;https://www.komputronik.pl/category/7253/przetworniki-dac.html
274;264;Radiobudziki;https://www.komputronik.pl/category/12440/radiobudziki.html
275;264;Radia kuchenne;https://www.komputronik.pl/category/18560/radia-kuchenne.html
276;264;Radioodtwarzacze;https://www.komputronik.pl/category/5288/radioodtwarzacze.html
277;264;Subwoofery;https://www.komputronik.pl/category/15576/subwoofery.html
278;264;Słuchawki;https://www.komputronik.pl/category/8077/sluchawki.html
279;264;Akcesoria do słuchawek;https://www.komputronik.pl/category/18687/akcesoria-do-sluchawek.html
280;264;Wzmacniacze audio;https://www.komputronik.pl/category/15580/wzmacniacze-audio.html
281;264;Aparaty słuchowe;https://www.komputronik.pl/category/18615/aparaty-sluchowe.html
282;234;Akcesoria RTV;https://www.komputronik.pl/category/15565/akcesoria-rtv.html
283;282;Adaptery;https://www.komputronik.pl/category/16573/adaptery.html
284;282;Adaptery Wi-Fi;https://www.komputronik.pl/category/15582/adaptery-wifi-smart-tv.html
285;282;Akcesoria do dyktafonów;https://www.komputronik.pl/category/8975/akcesoria-do-dyktafonow.html
286;282;Anteny;https://www.komputronik.pl/category/8104/anteny-telewizyjne.html
287;282;Apple TV;https://www.komputronik.pl/category/12519/apple-tv.html
288;282;Kable antenowe;https://www.komputronik.pl/category/16900/kable-antenowe.html
289;282;Kable audio;https://www.komputronik.pl/category/16590/kable-audio.html
290;282;Kable video;https://www.komputronik.pl/category/16591/kable-video.html
291;282;Konwertery satelitarne;https://www.komputronik.pl/category/18547/konwertery-satelitarne.html
292;282;Listwy zasilające;https://www.komputronik.pl/category/2680/listwy-zasilajace.html
293;282;Mocowania do RTV;https://www.komputronik.pl/category/4841/mocowania-do-rtv.html
294;282;Piloty do TV;https://www.komputronik.pl/category/2918/piloty-do-telewizorow.html
295;282;Przełączniki i splittery;https://www.komputronik.pl/category/16603/przelaczniki-splittery.html
296;282;Przystawki Smart TV;https://www.komputronik.pl/category/15583/dongle-android-tv.html
297;234;Odtwarzacze MP3, MP4, iPod;https://www.komputronik.pl/category/1937/odtwarzacze-mp3-mp4-ipod.html
298;297;Odtwarzacze MP3;https://www.komputronik.pl/category/6344/odtwarzacze-mp3.html
299;297;Odtwarzacze MP4;https://www.komputronik.pl/category/6348/odtwarzacze-mp4.html
300;234;Ramki cyfrowe do zdjęć;https://www.komputronik.pl/category/6290/ramki-cyfrowe.html
301;300;Wszystkie ramki cyfrowe;https://www.komputronik.pl/category/6290/ramki-cyfrowe.html
302;300;Ramki cyfrowe Hama;https://www.komputronik.pl/category/6290/ramki-cyfrowe.html?sb=&sd=&sa=&category=6290&pvg=&showProducts=1&showPromoted=0&ot=1803&prod%5B%5D=50
303;300;Ramki cyfrowe Intenso;https://www.komputronik.pl/category/6290/ramki-cyfrowe.html?sb=&sd=&sa=&category=6290&pvg=&showProducts=1&showPromoted=0&ot=1803&prod%5B%5D=329
304;234;Dyktafony cyfrowe;https://www.komputronik.pl/category/1928/dyktafony-cyfrowe.html
305;304;Dyktafony;https://www.komputronik.pl/category/1928/dyktafony-cyfrowe.html
306;304;Akcesoria do dyktafonów;https://www.komputronik.pl/category/8975/akcesoria-do-dyktafonow.html
307;null;AGD;https://www.komputronik.pl/category/6654/sprzet-agd.html
308;307;Małe AGD do kuchni;https://www.komputronik.pl/category/9961/agd-do-kuchni.html
309;308;Blendery;https://www.komputronik.pl/category/17416/blendery.html
310;308;Chłodziarki do mleka;https://www.komputronik.pl/category/17346/chlodziarka-do-mleka.html
311;308;Czajniki elektryczne;https://www.komputronik.pl/category/6656/czajniki-elektryczne.html
312;308;Ekspresy do kawy;https://www.komputronik.pl/category/6658/ekspresy-do-kawy.html
313;308;Filtracja wody;https://www.komputronik.pl/category/15475/filtrowanie-wody.html
314;308;Frytkownice;https://www.komputronik.pl/category/6659/frytkownice.html
315;308;Gofrownice;https://www.komputronik.pl/category/15463/gofrownice.html
316;308;Grille elektryczne;https://www.komputronik.pl/category/6684/grille-elektryczne.html
317;308;Jajowary;https://www.komputronik.pl/category/16308/jajowary.html
318;308;Kombiwary;https://www.komputronik.pl/category/15468/kombiwary.html
319;308;Kostkarki do lodu;https://www.komputronik.pl/category/17418/kostkarki-do-lodu.html
320;308;Krajalnice;https://www.komputronik.pl/category/6678/krajalnice.html
321;308;Maszynki do lodów;https://www.komputronik.pl/category/17364/maszynki-do-lodow.html
322;308;Maszynki do mielenia;https://www.komputronik.pl/category/7396/maszynki-do-mielenia.html
323;308;Miksery;https://www.komputronik.pl/category/6679/miksery-kuchenne.html
324;308;Młynki do kawy;https://www.komputronik.pl/category/7395/mlynki-do-kawy.html
325;308;Multicookery;https://www.komputronik.pl/category/14690/multicookery.html
326;308;Naleśnikarki;https://www.komputronik.pl/category/17365/nalesnikarki.html
327;308;Opiekacze;https://www.komputronik.pl/category/15465/opiekacze.html
328;308;Parowary;https://www.komputronik.pl/category/15467/parowary.html
329;308;Patelnie elektryczne;https://www.komputronik.pl/category/15469/patelnie-elektryczne.html
330;308;Roboty kuchenne;https://www.komputronik.pl/category/6681/roboty-kuchenne.html
331;308;Saturatory;https://www.komputronik.pl/category/11595/saturatory-wody-napojow.html
332;308;Sokowirówki;https://www.komputronik.pl/category/15506/sokowirowki.html
333;308;Spieniacze do mleka;https://www.komputronik.pl/category/16332/spieniacze-do-mleka.html
334;308;Suszarki do warzyw i owoców;https://www.komputronik.pl/category/10160/suszarki-do-warzyw-i-owocow.html
335;308;Szatkownice;https://www.komputronik.pl/category/17547/szatkownice.html
336;308;Szybkowary;https://www.komputronik.pl/category/15470/szybkowary.html
337;308;Tostery;https://www.komputronik.pl/category/15466/tostery.html
338;308;Wagi kuchenne;https://www.komputronik.pl/category/7338/wagi-kuchenne.html
339;308;Wyciskarki;https://www.komputronik.pl/category/15507/wyciskarki-do-sokow.html
340;308;Wypiekacze do chleba;https://www.komputronik.pl/category/9269/wypiekacze-chleba.html
341;308;Zupowary;https://www.komputronik.pl/category/15508/zupowary.html
342;308;Wolnowary;https://www.komputronik.pl/category/18729/wolnowary.html
343;308;Jogurtownice;https://www.komputronik.pl/category/18149/jogurtownice.html
344;307;Małe AGD do domu;https://www.komputronik.pl/category/9960/male-agd-do-domu.html
345;344;Akcesoria do prasowania;https://www.komputronik.pl/category/16154/akcesoria-do-prasowania.html
346;344;Akcesoria do mopów parowych;https://www.komputronik.pl/category/12000/akcesoria-do-mopow-parowych.html
347;344;Budziki;https://www.komputronik.pl/category/16028/budziki.html
348;344;Deski do prasowania;https://www.komputronik.pl/category/11581/deski-do-prasowania.html
349;344;Golarki do ubrań;https://www.komputronik.pl/category/18517/golarki-do-ubran.html
350;344;Grzejniki;https://www.komputronik.pl/category/15514/grzejniki-elektryczne.html
351;344;Higrometry;https://www.komputronik.pl/category/14837/higrometry.html
352;344;Klimatyzatory;https://www.komputronik.pl/category/15511/klimatyzatory.html
353;344;Maszyny do szycia;https://www.komputronik.pl/category/10824/maszyny-do-szycia.html
354;344;Mopy parowe;https://www.komputronik.pl/category/15509/mopy-parowe.html
355;344;Oczyszczacze parowe;https://www.komputronik.pl/category/15510/oczyszczacze-parowe.html
356;344;Oczyszczacze powietrza;https://www.komputronik.pl/category/15491/oczyszczacze-powietrza.html
357;344;Odkurzacze;https://www.komputronik.pl/category/6663/odkurzacze.html
358;344;Odkurzacze pionowe;https://www.komputronik.pl/category/15485/odkurzacze-pionowe.html
359;344;Party Time;https://www.komputronik.pl/category/12347/party-time.html
360;344;Roboty sprzątające;https://www.komputronik.pl/category/17435/roboty-sprzatajace.html
361;344;Stacje pogody;https://www.komputronik.pl/category/17394/stacje-pogody.html
362;344;Termowentylatory;https://www.komputronik.pl/category/15515/termowentylatory.html
363;344;Wentylatory;https://www.komputronik.pl/category/15512/wentylatory-domowe-biurowe.html
364;344;Zgrzewarki folii;https://www.komputronik.pl/category/16254/zgrzewarki-do-folii.html
365;344;Żelazka;https://www.komputronik.pl/category/6685/zelazka.html
366;307;Małe AGD do higieny i pielęgnacji;https://www.komputronik.pl/category/9962/male-agd-do-higieny-pielegnacji.html
367;366;Depilatory laserowe;https://www.komputronik.pl/category/15495/depilatory-laserowe.html
368;366;Depilatory;https://www.komputronik.pl/category/6657/depilatory.html
369;366;Depilatory IPL;https://www.komputronik.pl/category/16095/depilatory-ipl.html
370;366;Frezarki do paznokci;https://www.komputronik.pl/category/11778/frezarki-do-paznokci.html
371;366;Golarki damskie;https://www.komputronik.pl/category/15493/golarki-damskie.html
372;366;Golarki męskie;https://www.komputronik.pl/category/6662/golarki-meskie.html
373;366;Irygatory do zębów;https://www.komputronik.pl/category/15502/irygatory-do-zebow.html
374;366;Karbownice;https://www.komputronik.pl/category/15498/karbownice.html
375;366;Koce elektryczne;https://www.komputronik.pl/category/14840/koce-grzewcze.html
376;366;Lokówki;https://www.komputronik.pl/category/15500/lokowki.html
377;366;Lusterka;https://www.komputronik.pl/category/15520/lusterka-do-makijazu.html
378;366;Masażery do ciała;https://www.komputronik.pl/category/10623/masazery-do-ciala.html
379;366;Masażery do stóp;https://www.komputronik.pl/category/15503/masazery-do-stop.html
380;366;Maszynki do strzyżenia;https://www.komputronik.pl/category/6897/maszynki-do-strzyzenia.html
381;366;Mikrodermabrazja;https://www.komputronik.pl/category/15521/mikrodermabrazja.html
382;366;Pasy stymulujące;https://www.komputronik.pl/category/17541/pasy-stymulujace.html
383;366;Prostownice;https://www.komputronik.pl/category/6680/prostownice.html
384;366;Redukcja podwójnego podbródka;https://www.komputronik.pl/category/15526/sprzet-do-redukcji-podwojnego-podbrodka.html
385;366;Sauny;https://www.komputronik.pl/category/15523/sauny-do-twarzy.html
386;366;Suszarki;https://www.komputronik.pl/category/7336/suszarki-do-wlosow.html
387;366;Suszarko-lokówki;https://www.komputronik.pl/category/7337/suszarko-lokowki.html
388;366;Szczoteczki do twarzy;https://www.komputronik.pl/category/15522/szczoteczki-do-twarzy.html
389;366;Szczoteczki elektryczne do zębów;https://www.komputronik.pl/category/15501/szczoteczki-do-zebow-elektryczne-irygatory.html
390;366;Szczotki;https://www.komputronik.pl/category/15518/szczotki-do-wlosow-elektryczne.html
391;366;Termoloki;https://www.komputronik.pl/category/15517/termoloki.html
392;366;Trymery;https://www.komputronik.pl/category/15496/trymery.html
393;366;Urządzenia do liftingu;https://www.komputronik.pl/category/15525/urzadzenia-do-liftingu.html
394;366;Usuwanie zrogowaciałego naskórka;https://www.komputronik.pl/category/15504/usuwanie-zrogowacialego-naskorka.html
395;366;Wagi łazienkowe;https://www.komputronik.pl/category/7399/wagi-lazienkowe.html
396;366;Wybielanie zębów;https://www.komputronik.pl/category/15519/wybielanie-zebow.html
397;366;Zestawy do manicure, pedicure;https://www.komputronik.pl/category/15505/zestawy-do-manicure-pedicure.html
398;307;Małe AGD dla zdrowia;https://www.komputronik.pl/category/17543/male-agd-dla-zdrowia.html
399;398;Ciśnieniomierze;https://www.komputronik.pl/category/13310/cisnieniomierze.html
400;398;Elektroniczne nianie;https://www.komputronik.pl/category/8276/elektroniczne-nianie.html
401;398;Inhalatory;https://www.komputronik.pl/category/14844/inhalatory.html
402;398;Koce elektryczne;https://www.komputronik.pl/category/14840/koce-grzewcze.html
403;398;Lampy lecznicze;https://www.komputronik.pl/category/14841/lampy-lecznicze.html
404;398;Podgrzewacze;https://www.komputronik.pl/category/8280/podgrzewacze-do-butelek.html
405;398;Pulsometry medyczne;https://www.komputronik.pl/category/14838/pulsometry.html
406;398;Sterylizatory;https://www.komputronik.pl/category/10363/sterylizatory.html
407;398;Termometry;https://www.komputronik.pl/category/10624/termometry-medyczne.html
408;398;Wagi łazienkowe;https://www.komputronik.pl/category/7399/wagi-lazienkowe.html
409;307;Duże AGD wolnostojące;https://www.komputronik.pl/category/6672/duze-agd-wolnostojace.html
410;409;Chłodziarki do wina;https://www.komputronik.pl/category/15744/chlodziarki-do-wina.html
411;409;Kuchenki;https://www.komputronik.pl/category/7966/kuchnie-elektryczne-gazowe.html
412;409;Kuchenki mikrofalowe;https://www.komputronik.pl/category/6673/kuchenki-mikrofalowe-wolnostojace.html
413;409;Lodówki;https://www.komputronik.pl/category/7545/lodowki-wolnostojace.html
414;409;Lodówki turystyczne;https://www.komputronik.pl/category/15745/lodowki-turystyczne.html
415;409;Piekarniki wolnostojące;https://www.komputronik.pl/category/7438/piekarniki-wolnostojace.html
416;409;Pralki;https://www.komputronik.pl/category/6674/pralki-wolnostojace.html
417;409;Pralko-suszarki;https://www.komputronik.pl/category/15214/pralko-suszarki-wolnostojace.html
418;409;Suszarki do bielizny;https://www.komputronik.pl/category/14922/suszarki-do-bielizny.html
419;409;Zamrażarki;https://www.komputronik.pl/category/7983/zamrazarki-wolnostojace.html
420;409;Zmywarki;https://www.komputronik.pl/category/6675/zmywarki-wolnostojace.html
421;307;Duże AGD do zabudowy;https://www.komputronik.pl/category/15443/duze-agd-do-zabudowy.html
422;421;Ekspresy do kawy do zabudowy;https://www.komputronik.pl/category/15453/ekspresy-do-kawy-do-zabudowy.html
423;421;Kuchenki mikrofalowe do zabudowy;https://www.komputronik.pl/category/15447/kuchenki-mikrofalowe-do-zabudowy.html
424;421;Lodówki do zabudowy;https://www.komputronik.pl/category/7547/lodowki-do-zabudowy.html
425;421;Okapy kuchenne;https://www.komputronik.pl/category/7436/okapy-kuchenne.html
426;421;Piekarniki;https://www.komputronik.pl/category/15454/piekarniki-do-zabudowy.html
427;421;Płyty grzewcze;https://www.komputronik.pl/category/7442/plyty-grzewcze.html
428;421;Pralki do zabudowy;https://www.komputronik.pl/category/15446/pralki-do-zabudowy.html
429;421;Pralko-suszarki do zabudowy;https://www.komputronik.pl/category/15448/pralko-suszarki-do-zabudowy.html
430;421;Szuflady grzewcze;https://www.komputronik.pl/category/15527/szuflady-grzewcze.html
431;421;Zamrażarki do zabudowy;https://www.komputronik.pl/category/7985/zamrazarki-do-zabudowy.html
432;421;Zmywarki do zabudowy;https://www.komputronik.pl/category/6677/zmywarki-do-zabudowy.html
433;307;Sprzęt do kawy;https://www.komputronik.pl/category/18712/sprzet-do-kawy.html
434;433;Ekspresy do kawy;https://www.komputronik.pl/category/6658/ekspresy-do-kawy.html
435;433;Kawiarki;https://www.komputronik.pl/category/18573/kawiarki.html
436;433;Młynki do kawy;https://www.komputronik.pl/category/7395/mlynki-do-kawy.html
437;433;Kawa i napoje w kapsułkach;https://www.komputronik.pl/category/15587/kawa-i-napoje-w-kapsulkach.html
438;433;Spieniacze do mleka;https://www.komputronik.pl/category/16332/spieniacze-do-mleka.html
439;433;Chłodziarki do mleka;https://www.komputronik.pl/category/17346/chlodziarka-do-mleka.html
440;433;Akcesoria do ekspresów;https://www.komputronik.pl/category/15854/akcesoria-do-ekspresow.html
441;307;Sprzęt do Sous Vide;https://www.komputronik.pl/category/18276/sprzet-do-sous-vide.html
442;441;Cyrkulatory do Sous Vide;https://www.komputronik.pl/category/18293/cyrkulatory-do-sous-vide.html
443;307;Uzdatnianie powietrza;https://www.komputronik.pl/category/12705/uzdatnianie-powietrza.html
444;443;Aromatyzery;https://www.komputronik.pl/category/15488/aromatyzery.html
445;443;Nawilżacze powietrza;https://www.komputronik.pl/category/15489/nawilzacze-powietrza.html
446;443;Oczyszczacze powietrza;https://www.komputronik.pl/category/15491/oczyszczacze-powietrza.html
447;443;Osuszacze powietrza;https://www.komputronik.pl/category/15490/osuszacze-powietrza.html
448;443;Akcesoria do oczyszczaczy;https://www.komputronik.pl/category/14595/akcesoria-do-oczyszczaczy.html
449;307;Akcesoria AGD;https://www.komputronik.pl/category/11365/akcesoria-agd.html
450;449;Akcesoria do depilatorów;https://www.komputronik.pl/category/18699/akcesoria-do-depilatorow.html
451;449;Akcesoria do ekspresów;https://www.komputronik.pl/category/15854/akcesoria-do-ekspresow.html
452;449;Akcesoria do golarek męskich;https://www.komputronik.pl/category/7330/akcesoria-do-golarek-meskich.html
453;449;Akcesoria do lodówek;https://www.komputronik.pl/category/17399/akcesoria-do-lodowek.html
454;449;Akcesoria do lodówek turystycznych;https://www.komputronik.pl/category/17168/akcesoria-do-lodowek-turystycznych.html
455;449;Akcesoria do maszynek do mielenia;https://www.komputronik.pl/category/15259/akcesoria-do-maszynek-do-mielenia.html
456;449;Akcesoria do oczyszczaczy;https://www.komputronik.pl/category/14595/akcesoria-do-oczyszczaczy.html
457;449;Akcesoria do odkurzaczy;https://www.komputronik.pl/category/7331/akcesoria-do-odkurzaczy.html
458;449;Akcesoria do okapów kuchennych;https://www.komputronik.pl/category/14063/akcesoria-do-okapow-kuchennych.html
459;449;Akcesoria do piekarników;https://www.komputronik.pl/category/7441/akcesoria-do-piekarnikow.html
460;449;Akcesoria do prania;https://www.komputronik.pl/category/14061/akcesoria-do-prania.html
461;449;Akcesoria do robotów kuchennych;https://www.komputronik.pl/category/7397/akcesoria-do-robotow-kuchennych.html
462;449;Akcesoria do szczoteczek;https://www.komputronik.pl/category/17164/akcesoria-do-szczoteczek.html
463;449;Akcesoria do zgrzewarek do folii;https://www.komputronik.pl/category/16366/akcesoria-do-zgrzewarek-do-folii.html
464;449;Akcesoria do zmywarek;https://www.komputronik.pl/category/14066/akcesoria-do-zmywarek.html
465;449;Akcesoria kuchenne;https://www.komputronik.pl/category/14978/akcesoria-kuchenne.html
466;449;Kawa i napoje w kapsułkach;https://www.komputronik.pl/category/15587/kawa-i-napoje-w-kapsulkach.html
467;null;Dom;https://www.komputronik.pl/category/12617/dom.html
468;467;Narzędzia i majsterkowanie;https://www.komputronik.pl/category/12618/narzedzia-domowe-majsterkowanie.html
469;468;Agregaty prądotwórcze;https://www.komputronik.pl/category/18392/agregaty-pradotworcze.html
470;468;Narzędzia ręczne;https://www.komputronik.pl/category/15301/narzedzia-reczne.html
471;468;Elektronarzędzia;https://www.komputronik.pl/category/15532/elektronarzedzia.html
472;468;Narzędzia pomiarowe;https://www.komputronik.pl/category/15427/narzedzia-do-pomiarow.html
473;468;Narzędzia specjalistyczne;https://www.komputronik.pl/category/17368/narzedzia-specjalistyczne.html
474;468;Odzież budowlana;https://www.komputronik.pl/category/18575/odziez-budowlana.html
475;467;Sprzątanie;https://www.komputronik.pl/category/15892/do-sprzatania.html
476;475;Akcesoria do mopów;https://www.komputronik.pl/category/15965/akcesoria-do-mopow.html
477;475;Akcesoria do mopów parowych;https://www.komputronik.pl/category/12000/akcesoria-do-mopow-parowych.html
478;475;Akcesoria do prasowania;https://www.komputronik.pl/category/16154/akcesoria-do-prasowania.html
479;475;Akcesoria do sprzątania;https://www.komputronik.pl/category/15292/akcesoria-do-sprzatania.html
480;475;Chemia gospodarcza;https://www.komputronik.pl/category/15256/chemia-gospodarcza.html
481;475;Deski do prasowania;https://www.komputronik.pl/category/11581/deski-do-prasowania.html
482;475;Kije;https://www.komputronik.pl/category/15257/kije.html
483;475;Miotły, szczotki i szufelki;https://www.komputronik.pl/category/15284/miotly-szczotki-szufelki.html
484;475;Mopy;https://www.komputronik.pl/category/15258/mopy.html
485;475;Mopy parowe;https://www.komputronik.pl/category/15509/mopy-parowe.html
486;475;Myjki do okien;https://www.komputronik.pl/category/15231/myjki-do-okien.html
487;475;Oczyszczacze parowe;https://www.komputronik.pl/category/15510/oczyszczacze-parowe.html
488;475;Odkurzacze;https://www.komputronik.pl/category/6663/odkurzacze.html
489;475;Roboty sprzątające;https://www.komputronik.pl/category/17435/roboty-sprzatajace.html
490;475;Suszarki do prania;https://www.komputronik.pl/category/15221/suszarki-do-prania.html
491;475;Ściągaczki do szyb;https://www.komputronik.pl/category/18578/sciagaczki-do-szyb.html
492;467;Kuchnia;https://www.komputronik.pl/category/15907/do-kuchni.html
493;492;Wyposażenie kuchni;https://www.komputronik.pl/category/15909/wyposazenie-kuchenne.html
494;492;Przybory do gotowania;https://www.komputronik.pl/category/15931/przybory-do-gotowania.html
495;492;Naczynia;https://www.komputronik.pl/category/15964/naczynia.html
496;492;Akcesoria do kuchni;https://www.komputronik.pl/category/16518/akcesoria-do-kuchni.html
497;492;Radia kuchenne;https://www.komputronik.pl/category/18560/radia-kuchenne.html
498;467;Jadalnia;https://www.komputronik.pl/category/16049/do-jadalni.html
499;498;Serwowanie posiłków;https://www.komputronik.pl/category/16050/serwowanie-posilkow.html
500;498;Szkło stołowe;https://www.komputronik.pl/category/16063/szklo-stolowe.html
501;498;Zestawy sztućców;https://www.komputronik.pl/category/16070/zestawy-sztuccow.html
502;467;Łazienka;https://www.komputronik.pl/category/15908/do-lazienki.html
503;502;Dozowniki do płynów;https://www.komputronik.pl/category/15809/dozowniki-mydla.html
504;502;Kosze na pranie;https://www.komputronik.pl/category/17449/kosze-na-pranie.html
505;502;Kosze na śmieci do łazienki;https://www.komputronik.pl/category/15812/kosze-na-smieci-do-lazienki.html
506;502;Stojaki prysznicowe;https://www.komputronik.pl/category/15818/stojaki-prysznicowe.html
507;502;Szczotki do WC;https://www.komputronik.pl/category/15816/szczotki-do-wc.html
508;502;Lusterka;https://www.komputronik.pl/category/15520/lusterka-do-makijazu.html
509;502;Ściągaczki do szyb;https://www.komputronik.pl/category/18578/sciagaczki-do-szyb.html
510;502;Uchwyty na papier toaletowy;https://www.komputronik.pl/category/18732/uchwyty-na-papier-toaletowy.html
511;502;Wagi łazienkowe;https://www.komputronik.pl/category/7399/wagi-lazienkowe.html
512;467;Pokój dziecięcy;https://www.komputronik.pl/category/16086/pokoj-dzieciecy.html
513;512;Dekoracje dla dzieci;https://www.komputronik.pl/category/16266/dekoracje-dla-dzieci.html
514;512;Kocyki;https://www.komputronik.pl/category/17457/kocyki-dla-dzieci.html
515;512;Lampki dziecięce;https://www.komputronik.pl/category/18090/lampki-dzieciece.html
516;512;Łóżeczka;https://www.komputronik.pl/category/16087/lozeczka-dla-dzieci.html
517;512;Pojemniki na zabawki;https://www.komputronik.pl/category/18335/pojemniki-na-zabawki.html
518;512;Pościele i prześcieradła dla dzieci;https://www.komputronik.pl/category/12658/posciele-i-przescieradla-dla-dzieci.html
519;512;Projektory dla dzieci;https://www.komputronik.pl/category/17704/projektory-dla-dzieci.html
520;467;Dekoracja domu;https://www.komputronik.pl/category/16361/dekoracja-domu.html
521;520;Akcesoria do świec zapachowych;https://www.komputronik.pl/category/18118/akcesoria-do-swiec-zapachowych.html
522;520;Narzędzia dekoracyjne;https://www.komputronik.pl/category/17923/narzedzia-dekoracyjne.html
523;520;Świeczki zapachowe;https://www.komputronik.pl/category/17380/swieczki-zapachowe.html
524;520;Zapachy do domu;https://www.komputronik.pl/category/18079/zapachy-do-domu.html
525;520;Zegary ścienne;https://www.komputronik.pl/category/18549/zegary-scienne.html
526;467;Wyposażenie wnętrz;https://www.komputronik.pl/category/18466/wyposazenie-wnetrz.html
527;526;Wieszaki;https://www.komputronik.pl/category/18471/wieszaki.html
528;467;Elektryka;https://www.komputronik.pl/category/18016/elektryka.html
529;528;Czujniki;https://www.komputronik.pl/category/18173/czujniki.html
530;528;Gniazdka elektryczne;https://www.komputronik.pl/category/18017/gniazdka-elektryczne.html
531;528;Mediaporty;https://www.komputronik.pl/category/18191/mediaporty.html
532;528;Mierniki energii;https://www.komputronik.pl/category/18019/mierniki-energii.html
533;528;Programatory czasowe;https://www.komputronik.pl/category/18018/programatory-czasowe.html
534;528;Wideodomofony;https://www.komputronik.pl/category/18189/wideodomofony.html
535;528;Zasilanie;https://www.komputronik.pl/category/15706/zasilanie.html
536;528;Zasilanie awaryjne;https://www.komputronik.pl/category/2664/zasilanie-awaryjne.html
537;467;Oświetlenie;https://www.komputronik.pl/category/11374/oswietlenie.html
538;537;Akcesoria LED;https://www.komputronik.pl/category/11466/akcesoria-led.html
539;537;Inteligentne oświetlenie;https://www.komputronik.pl/category/18144/inteligentne-oswietlenie.html
540;537;Lampy;https://www.komputronik.pl/category/18086/lampy.html
541;537;Lampy LED;https://www.komputronik.pl/category/18119/lampy-led.html
542;537;Lampki USB;https://www.komputronik.pl/category/10402/lampki-usb-do-laptopa.html
543;537;Latarki;https://www.komputronik.pl/category/17349/latarki.html
544;537;Oświetlenie samochodowe;https://www.komputronik.pl/category/17657/oswietlenie-samochodowe.html
545;537;Świetlówki LED;https://www.komputronik.pl/category/14377/swietlowki-led.html
546;537;Taśmy LED;https://www.komputronik.pl/category/11376/tasmy-led.html
547;537;Żarówki LED;https://www.komputronik.pl/category/11375/zarowki-led.html
548;467;Inteligentny dom;https://www.komputronik.pl/category/16911/inteligentny-dom.html
549;548;Asystenci głosowi;https://www.komputronik.pl/category/18719/asystenci-glosowi.html
550;548;Centralki do inteligentnego domu;https://www.komputronik.pl/category/18161/centralki-do-inteligentnego-domu.html
551;548;Czujniki inteligentne;https://www.komputronik.pl/category/17028/czujniki-inteligentne.html
552;548;Inteligentne gniazdka (Smart Plug);https://www.komputronik.pl/category/17026/inteligentne-gniazdka-smart-plug-.html
553;548;Inteligentne oświetlenie;https://www.komputronik.pl/category/18144/inteligentne-oswietlenie.html
554;548;Inteligentne ogrzewanie;https://www.komputronik.pl/category/18157/inteligentne-ogrzewanie.html
555;548;Inteligentne stacje pogodowe;https://www.komputronik.pl/category/18692/inteligentne-stacje-pogodowe.html
556;548;Kamery do monitoringu;https://www.komputronik.pl/category/7895/kamery-ip-do-monitoringu.html
557;548;Panele inteligentne;https://www.komputronik.pl/category/18323/panele-inteligentne.html
558;548;Piloty IR;https://www.komputronik.pl/category/18320/piloty-ir.html
559;548;Przyciski inteligentne;https://www.komputronik.pl/category/18322/przyciski-inteligentne.html
560;548;Sterowniki inteligentne;https://www.komputronik.pl/category/18327/sterowniki-inteligentne.html
561;548;Systemy alarmowe;https://www.komputronik.pl/category/18259/systemy-alarmowe.html
562;548;Wideodomofony;https://www.komputronik.pl/category/18189/wideodomofony.html
563;548;Zestawy do monitoringu;https://www.komputronik.pl/category/18127/zestawy-do-monitoringu.html
564;548;Zestawy inteligentnego domu;https://www.komputronik.pl/category/17029/zestawy-inteligentnego-domu.html
565;null;Ogród;https://www.komputronik.pl/category/16985/do-ogrodu.html
566;565;Elektronarzędzia ogrodowe;https://www.komputronik.pl/category/17126/elektronarzedzia-ogrodowe.html
567;566;Aeratory;https://www.komputronik.pl/category/17129/aeratory-napowietrzacze.html
568;566;Dmuchawy;https://www.komputronik.pl/category/17130/dmuchawy-ogrodowe.html
569;566;Glebogryzarki;https://www.komputronik.pl/category/18381/glebogryzarki.html
570;566;Kosiarki;https://www.komputronik.pl/category/17131/kosiarki.html
571;566;Łuparki;https://www.komputronik.pl/category/18380/luparki.html
572;566;Myjki ciśnieniowe;https://www.komputronik.pl/category/17133/myjki-cisnieniowe.html
573;566;Nożyce elektryczne;https://www.komputronik.pl/category/17134/nozyce-ogrodowe-elektryczne.html
574;566;Odkurzacze ogrodowe;https://www.komputronik.pl/category/17135/odkurzacze-ogrodowe.html
575;566;Pilarki ogrodowe;https://www.komputronik.pl/category/17136/pilarki-ogrodowe.html
576;566;Podkaszarki;https://www.komputronik.pl/category/17137/podkaszarki.html
577;566;Pompy ogrodowe;https://www.komputronik.pl/category/17959/pompy-ogrodowe.html
578;566;Roboty ogrodowe;https://www.komputronik.pl/category/14036/roboty-ogrodowe.html
579;566;Rozdrabniarki;https://www.komputronik.pl/category/17138/rozdrabniarki.html
580;566;Systemy do obróbki ścian;https://www.komputronik.pl/category/17132/systemy-do-obrobki-scian.html
581;566;Wertykulatory;https://www.komputronik.pl/category/17140/wertykulatory.html
582;566;Akcesoria do myjek ciśnieniowych;https://www.komputronik.pl/category/17415/akcesoria-do-myjek-cisnieniowych.html
583;566;Wielofunkcyjne narzędzie ogrodowe;https://www.komputronik.pl/category/18288/wielofunkcyjne-narzedzie-ogrodowe.html
584;566;Zamiatarki;https://www.komputronik.pl/category/18382/zamiatarki.html
585;565;Narzędzia ogrodowe;https://www.komputronik.pl/category/17127/narzedzia-ogrodowe.html
586;585;Drobne narzędzia ogrodowe;https://www.komputronik.pl/category/17144/drobne-narzedzia-ogrodowe.html
587;585;Grabie;https://www.komputronik.pl/category/17141/grabie.html
588;585;Kosiarki ręczne;https://www.komputronik.pl/category/18304/kosiarki-reczne.html
589;585;Młoty ogrodowe;https://www.komputronik.pl/category/17128/mloty-ogrodowe.html
590;585;Noże;https://www.komputronik.pl/category/17143/noze-do-majsterkowania.html
591;585;Nożyce ogrodowe;https://www.komputronik.pl/category/17142/nozyce-ogrodowe-reczne.html
592;585;Opryskiwacze;https://www.komputronik.pl/category/17276/opryskiwacze.html
593;585;Piły ogrodowe;https://www.komputronik.pl/category/17145/pily-ogrodowe.html
594;585;Pługi i odgarniacze;https://www.komputronik.pl/category/17146/plugi-i-odgarniacze.html
595;585;Sekatory;https://www.komputronik.pl/category/17148/sekatory.html
596;585;Siekiery;https://www.komputronik.pl/category/17149/siekiery.html
597;585;Skuwacze do lodu;https://www.komputronik.pl/category/17147/skuwacze-do-lodu.html
598;585;Szczotki;https://www.komputronik.pl/category/17151/szczotki.html
599;585;Szpadle;https://www.komputronik.pl/category/17152/szpadle.html
600;585;Szufle;https://www.komputronik.pl/category/17153/szufle.html
601;585;Świdry;https://www.komputronik.pl/category/17150/swidry.html
602;585;Tasaki;https://www.komputronik.pl/category/17154/tasaki.html
603;585;Widły;https://www.komputronik.pl/category/17155/widly.html
604;585;Zestawy narzędzi ogrodowych;https://www.komputronik.pl/category/17156/zestawy-narzedzi-ogrodowych.html
605;585;Trzonki;https://www.komputronik.pl/category/17282/trzonki.html
606;565;Sprzęt ogrodowy;https://www.komputronik.pl/category/17866/sprzet-ogrodowy.html
607;606;Baseny ogrodowe;https://www.komputronik.pl/category/18410/baseny-ogrodowe.html
608;606;Doniczki i pojemniki;https://www.komputronik.pl/category/16986/doniczki-i-pojemniki.html
609;606;Grille ogrodowe;https://www.komputronik.pl/category/17199/grille-ogrodowe.html
610;606;Akcesoria do grilla;https://www.komputronik.pl/category/17251/akcesoria-do-grilla.html
611;606;Materace do pływania;https://www.komputronik.pl/category/18411/materace-do-plywania.html
612;606;Skrzynie ogrodowe;https://www.komputronik.pl/category/18673/skrzynie-ogrodowe.html
613;606;Suszarki ogrodowe;https://www.komputronik.pl/category/15306/suszarki-ogrodowe.html
614;606;Zgniatarki do butelek;https://www.komputronik.pl/category/18460/zgniatarki-do-butelek.html
615;565;Nawadnianie ogrodu;https://www.komputronik.pl/category/17068/nawadnianie-ogrodu.html
616;615;Akcesoria do nawadniania;https://www.komputronik.pl/category/17659/akcesoria-do-nawadniania.html
617;615;Końcówki zraszające;https://www.komputronik.pl/category/18437/koncowki-zraszajace.html
618;615;Sterowniki nawadniania;https://www.komputronik.pl/category/17660/sterowniki-nawadniania.html
619;615;Węże ogrodowe;https://www.komputronik.pl/category/17662/weze-ogrodowe.html
620;615;Wózki do węży ogrodowych;https://www.komputronik.pl/category/18438/wozki-do-wezy-ogrodowych.html
621;615;Zraszacze ogrodowe;https://www.komputronik.pl/category/17661/zraszacze-ogrodowe.html
622;565;Zabawki ogrodowe;https://www.komputronik.pl/category/17015/zabawki-ogrodowe.html
623;622;Baseny ogrodowe;https://www.komputronik.pl/category/18410/baseny-ogrodowe.html
624;622;Domki;https://www.komputronik.pl/category/17016/domki-ogrodowe-dla-dzieci.html
625;622;Materace do pływania;https://www.komputronik.pl/category/18411/materace-do-plywania.html
626;622;Place zabaw i piaskownice;https://www.komputronik.pl/category/17220/place-zabaw-piaskownice.html
627;622;Pojazdy dla dzieci;https://www.komputronik.pl/category/17019/pojazdy-dla-dzieci.html
628;622;Zabawki wodne;https://www.komputronik.pl/category/17024/zabawki-wodne-do-ogrodu.html
629;622;Zjeżdżalnie i huśtawki;https://www.komputronik.pl/category/17017/zjezdzalnie-hustawki-dla-dzieci.html
630;565;Lampy zewnętrzne;https://www.komputronik.pl/category/17072/lampy-zewnetrzne.html
631;630;Lampy ogrodowe;https://www.komputronik.pl/category/18121/lampy-ogrodowe.html
632;630;Naświetlacze LED;https://www.komputronik.pl/category/12161/naswietlacze-led.html
633;565;Meble ogrodowe;https://www.komputronik.pl/category/17174/meble-ogrodowe.html
634;633;Siedziska ogrodowe;https://www.komputronik.pl/category/18386/siedziska-ogrodowe.html
635;633;Skrzynie ogrodowe;https://www.komputronik.pl/category/18673/skrzynie-ogrodowe.html
636;633;Zestawy ogrodowe;https://www.komputronik.pl/category/17176/zestawy-ogrodowe.html
637;null;Dziecko;https://www.komputronik.pl/category/14598/dla-dziecka.html
638;637;Zabawki;https://www.komputronik.pl/category/15700/zabawki-dla-dzieci.html
639;638;AGD dla dzieci;https://www.komputronik.pl/category/17221/zabawki-narzedzia-dla-dzieci.html
640;638;Budziki dziecięce;https://www.komputronik.pl/category/18220/budziki-dzieciece.html
641;638;Bujaki dla dzieci;https://www.komputronik.pl/category/18644/bujaki-dla-dzieci.html
642;638;Figurki;https://www.komputronik.pl/category/15710/zabawki-postacie-z-bajek.html
643;638;Gry towarzyskie;https://www.komputronik.pl/category/17211/gry-towarzyskie.html
644;638;Klocki;https://www.komputronik.pl/category/15711/klocki-dla-dzieci.html
645;638;Lalki i akcesoria;https://www.komputronik.pl/category/15712/lalki.html
646;638;Maskotki;https://www.komputronik.pl/category/15780/maskotki-dla-dzieci.html
647;638;Pistolety;https://www.komputronik.pl/category/15881/zabawki-pistolety.html
648;638;Pojazdy;https://www.komputronik.pl/category/15703/samochodziki-zabawki.html
649;638;Pojemniki na zabawki;https://www.komputronik.pl/category/18335/pojemniki-na-zabawki.html
650;638;Pozostałe;https://www.komputronik.pl/category/15726/pozostale-zabawki-dla-dzieci.html
651;638;Puzzle;https://www.komputronik.pl/category/16520/puzzle.html
652;638;Roboty zabawki;https://www.komputronik.pl/category/18311/roboty-zabawki.html
653;638;Zabawki do kąpieli;https://www.komputronik.pl/category/17243/zabawki-do-kapieli.html
654;638;Zabawki edukacyjne;https://www.komputronik.pl/category/15702/zabawki-edukacyjne.html
655;638;Zegarki dziecięce;https://www.komputronik.pl/category/18219/zegarki-dzieciece.html
656;637;Dla najmłodszych;https://www.komputronik.pl/category/15701/produkty-dla-najmlodszych.html
657;656;Jeździki i pchacze;https://www.komputronik.pl/category/16525/jezdziki-pchacze.html
658;656;Grzechotki i gryzaki;https://www.komputronik.pl/category/17241/grzechotki-gryzaki.html
659;656;Karuzele;https://www.komputronik.pl/category/17240/karuzele-dla-dzieci.html
660;656;Kojce dla dzieci;https://www.komputronik.pl/category/17681/kojce-dla-dzieci.html
661;656;Krzesełka do karmienia;https://www.komputronik.pl/category/16084/krzeselka-do-karmienia.html
662;656;Leżaczki i huśtawki;https://www.komputronik.pl/category/16085/lezaczki-hustawki.html
663;656;Maty edukacyjne;https://www.komputronik.pl/category/17239/maty-edukacyjne-dla-dzieci.html
664;656;Maty korygujące;https://www.komputronik.pl/category/17453/maty-korygujace.html
665;656;Nosidełka;https://www.komputronik.pl/category/15603/nosidelka.html
666;656;Otulacze dla niemowląt;https://www.komputronik.pl/category/17454/otulacze-dla-niemowlat.html
667;656;Podgłówki korygujące;https://www.komputronik.pl/category/17458/podglowki-korygujace.html
668;656;Śpiworki dla dzieci;https://www.komputronik.pl/category/18723/spiworki-dla-dzieci.html
669;637;Artykuły szkolne;https://www.komputronik.pl/category/15599/do-szkoly-przybory.html
670;669;Akcesoria na biurko;https://www.komputronik.pl/category/14326/akcesoria-na-biurko.html
671;669;Artykuły piśmiennicze;https://www.komputronik.pl/category/18373/artykuly-pismiennicze.html
672;669;Artykuły plastyczne;https://www.komputronik.pl/category/15609/artykuly-plastyczne.html
673;669;Długopisy 3D;https://www.komputronik.pl/category/15300/dlugopisy-3d.html
674;669;Piórniki;https://www.komputronik.pl/category/15611/piorniki-dla-dzieci.html
675;669;Plecaki i tornistry;https://www.komputronik.pl/category/15615/plecaki-tornistry.html
676;669;Portfele i portmonetki;https://www.komputronik.pl/category/16524/portfele-portmonetki-dla-dzieci.html
677;669;Pozostałe;https://www.komputronik.pl/category/15608/pozostale-produkty-dla-dzieci.html
678;669;Pudełka śniadaniowe;https://www.komputronik.pl/category/15606/pudelka-sniadaniowe.html
679;669;Torby i saszetki;https://www.komputronik.pl/category/16523/torby-i-saszetki.html
680;669;Worki na buty;https://www.komputronik.pl/category/16522/worki-na-buty.html
681;637;Pokój dziecięcy;https://www.komputronik.pl/category/16086/pokoj-dzieciecy.html
682;681;Dekoracje dla dzieci;https://www.komputronik.pl/category/16266/dekoracje-dla-dzieci.html
683;681;Kocyki;https://www.komputronik.pl/category/17457/kocyki-dla-dzieci.html
684;681;Lampki dziecięce;https://www.komputronik.pl/category/18090/lampki-dzieciece.html
685;681;Łóżeczka;https://www.komputronik.pl/category/16087/lozeczka-dla-dzieci.html
686;681;Pojemniki na zabawki;https://www.komputronik.pl/category/18335/pojemniki-na-zabawki.html
687;681;Pościele i prześcieradła dla dzieci;https://www.komputronik.pl/category/12658/posciele-i-przescieradla-dla-dzieci.html
688;681;Projektory dla dzieci;https://www.komputronik.pl/category/17704/projektory-dla-dzieci.html
689;637;Komfort i bezpieczeństwo;https://www.komputronik.pl/category/16083/komfort-bezpieczenstwo-dziecka.html
690;689;Bramki na schody;https://www.komputronik.pl/category/18650/bramki-na-schody.html
691;689;Chodziki;https://www.komputronik.pl/category/16098/chodziki-dla-dzieci.html
692;689;Elektroniczne nianie;https://www.komputronik.pl/category/8276/elektroniczne-nianie.html
693;689;Foteliki rowerowe;https://www.komputronik.pl/category/18734/foteliki-rowerowe.html
694;689;Jeździki i pchacze;https://www.komputronik.pl/category/16525/jezdziki-pchacze.html
695;689;Lusterka do obserwacji dziecka;https://www.komputronik.pl/category/18648/lusterka-do-obserwacji-dziecka.html
696;689;Smartwatche dla dzieci;https://www.komputronik.pl/category/18366/smartwatche-dla-dzieci.html
697;689;Stopień dla dziecka;https://www.komputronik.pl/category/17665/stopien-dla-dziecka.html
698;689;Zabezpieczenia przed dziećmi;https://www.komputronik.pl/category/16094/zabezpieczenia-przed-dziecmi.html
699;637;Karmienie dziecka;https://www.komputronik.pl/category/16115/karmienie-dziecka.html
700;699;Akcesoria do karmienia;https://www.komputronik.pl/category/16118/akcesoria-do-karmienia.html
701;699;Bielizna ciążowa;https://www.komputronik.pl/category/18441/bielizna-ciazowa.html
702;699;Butelki dla dzieci;https://www.komputronik.pl/category/16117/butelki-dla-dzieci.html
703;699;Krzesełka do karmienia;https://www.komputronik.pl/category/16084/krzeselka-do-karmienia.html
704;699;Kubki dla dzieci;https://www.komputronik.pl/category/18656/kubki-dla-dzieci.html
705;699;Laktatory;https://www.komputronik.pl/category/16116/laktatory.html
706;699;Naczynia dla dzieci;https://www.komputronik.pl/category/18658/naczynia-dla-dzieci.html
707;699;Poduszki do karmienia;https://www.komputronik.pl/category/17685/poduszki-do-karmienia.html
708;699;Smoczki;https://www.komputronik.pl/category/16120/smoczki-dla-dzieci.html
709;699;Smoczki do butelek;https://www.komputronik.pl/category/18651/smoczki-do-butelek.html
710;699;Sterylizatory;https://www.komputronik.pl/category/10363/sterylizatory.html
711;699;Podgrzewacze;https://www.komputronik.pl/category/8280/podgrzewacze-do-butelek.html
712;699;Sztućce dla dzieci;https://www.komputronik.pl/category/18657/sztucce-dla-dzieci.html
713;699;Śliniaki;https://www.komputronik.pl/category/17682/sliniaki.html
714;699;Torby dla mam;https://www.komputronik.pl/category/17483/torby-dla-mam.html
715;699;Wkładki laktacyjne;https://www.komputronik.pl/category/17298/wkladki-laktacyjne.html
716;637;Zdrowie i higiena;https://www.komputronik.pl/category/15890/zdrowie-higiena-dziecka.html
717;716;Aspiratory dla dzieci;https://www.komputronik.pl/category/18645/aspiratory-dla-dzieci.html
718;716;Chusteczki;https://www.komputronik.pl/category/17244/chusteczki-mokre-dla-dzieci.html
719;716;Foteliki kąpielowe;https://www.komputronik.pl/category/17666/foteliki-kapielowe.html
720;716;Inhalatory dla dzieci;https://www.komputronik.pl/category/16762/inhalatory-dla-dzieci.html
721;716;Kosmetyki dla dzieci;https://www.komputronik.pl/category/14576/kosmetyki-dla-dzieci.html
722;716;Kosze na zużyte pieluszki;https://www.komputronik.pl/category/18116/kosze-na-zuzyte-pieluszki.html
723;716;Maty do kąpieli;https://www.komputronik.pl/category/17479/maty-do-kapieli.html
724;716;Maty do przewijania;https://www.komputronik.pl/category/17667/maty-do-przewijania.html
725;716;Nakładki na sedes dla dzieci;https://www.komputronik.pl/category/17480/nakladki-na-sedes-dla-dzieci.html
726;716;Nocniki;https://www.komputronik.pl/category/17242/nocniki-dla-dzieci.html
727;716;Okulary dla dzieci;https://www.komputronik.pl/category/18205/okulary-dla-dzieci.html
728;716;Pieluszki;https://www.komputronik.pl/category/15891/pieluszki-dla-dzieci.html
729;716;Ręczniki kąpielowe dla dzieci;https://www.komputronik.pl/category/17680/reczniki-kapielowe-dla-dzieci.html
730;716;Ronda kąpielowe;https://www.komputronik.pl/category/17669/ronda-kapielowe.html
731;716;Termometry;https://www.komputronik.pl/category/10624/termometry-medyczne.html
732;716;Wanienki;https://www.komputronik.pl/category/17459/wanienki.html
733;716;Zabawki do kąpieli;https://www.komputronik.pl/category/17243/zabawki-do-kapieli.html
734;716;Zestawy pielęgnacyjne dla dzieci;https://www.komputronik.pl/category/18140/zestawy-pielegnacyjne-dla-dzieci.html
735;637;Foteliki samochodowe;https://www.komputronik.pl/category/15597/foteliki-samochodowe-podstawki.html
736;735;Akcesoria do fotelików samochodowych;https://www.komputronik.pl/category/15605/akcesoria-do-fotelikow-samochodowych.html
737;735;Bazy isofix do fotelików;https://www.komputronik.pl/category/18647/bazy-isofix-do-fotelikow.html
738;735;Foteliki;https://www.komputronik.pl/category/15604/foteliki-samochodowe.html
739;735;Podstawki;https://www.komputronik.pl/category/15630/podstawki-samochodowe.html
740;637;Wózki;https://www.komputronik.pl/category/15589/wozki-dzieciece.html
741;740;Wózki wielofunkcyjne;https://www.komputronik.pl/category/15600/wozki-wielofunkcyjne.html
742;740;Gondole;https://www.komputronik.pl/category/16521/gondole.html
743;740;Wózki dla bliźniąt;https://www.komputronik.pl/category/15631/wozki-dla-blizniat.html
744;740;Wózki spacerowe;https://www.komputronik.pl/category/15601/wozki-spacerowe.html
745;740;Folie przeciwdeszczowe na wózek;https://www.komputronik.pl/category/15632/folie-przeciwdeszczowe-na-wozek.html
746;740;Moskitiery na wózek;https://www.komputronik.pl/category/18646/moskitiery-na-wozek.html
747;740;Torby dla mam;https://www.komputronik.pl/category/17483/torby-dla-mam.html
748;740;Śpiworki do wózka;https://www.komputronik.pl/category/18582/spiworki-do-wozka.html
749;740;Pałąki do wózka;https://www.komputronik.pl/category/18583/palaki-do-wozka.html
750;740;Tacki do wózka;https://www.komputronik.pl/category/18588/tacki-do-wozka.html
751;740;Adaptery do wózków;https://www.komputronik.pl/category/18584/adaptery-do-wozkow.html
752;740;Parasolki do wózka;https://www.komputronik.pl/category/18587/parasolki-do-wozka.html
753;740;Uchwyty na kubek do wózka;https://www.komputronik.pl/category/18589/uchwyty-na-kubek-do-wozka.html
754;740;Dostawki do wózka;https://www.komputronik.pl/category/18652/dostawki-do-wozka.html
755;637;Pojazdy dla dzieci;https://www.komputronik.pl/category/17019/pojazdy-dla-dzieci.html
756;755;Hulajnogi dla dzieci;https://www.komputronik.pl/search-filter/17872/hulajnogi-dla-dzieci
757;755;Rowerki;https://www.komputronik.pl/category/17020/rowerki.html
758;755;Samochody;https://www.komputronik.pl/category/17277/samochody.html
759;755;Jeździki i pchacze;https://www.komputronik.pl/category/16525/jezdziki-pchacze.html
760;637;Pojazdy elektryczne;https://www.komputronik.pl/category/17245/pojazdy-elektryczne.html
761;760;Segway;https://www.komputronik.pl/category/17871/segway.html
762;760;Deskorolki elektryczne;https://www.komputronik.pl/category/17873/deskorolki-elektryczne.html
763;760;Quady elektryczne;https://www.komputronik.pl/category/17874/quady-elektryczne.html
764;760;Hulajnogi elektryczne;https://www.komputronik.pl/search-filter/17872/hulajnogi-elektryczne
765;637;Zabawki ogrodowe;https://www.komputronik.pl/category/17015/zabawki-ogrodowe.html
766;765;Baseny ogrodowe;https://www.komputronik.pl/category/18410/baseny-ogrodowe.html
767;765;Domki;https://www.komputronik.pl/category/17016/domki-ogrodowe-dla-dzieci.html
768;765;Materace do pływania;https://www.komputronik.pl/category/18411/materace-do-plywania.html
769;765;Place zabaw i piaskownice;https://www.komputronik.pl/category/17220/place-zabaw-piaskownice.html
770;765;Pojazdy dla dzieci;https://www.komputronik.pl/category/17019/pojazdy-dla-dzieci.html
771;765;Zabawki wodne;https://www.komputronik.pl/category/17024/zabawki-wodne-do-ogrodu.html
772;765;Zjeżdżalnie i huśtawki;https://www.komputronik.pl/category/17017/zjezdzalnie-hustawki-dla-dzieci.html
773;null;Zdrowie i Uroda;https://www.komputronik.pl/category/13678/zdrowie-uroda.html
774;773;Kosmetyki damskie;https://www.komputronik.pl/category/13698/kosmetyki-damskie.html
775;774;Kosmetyki damskie do twarzy;https://www.komputronik.pl/category/13699/kosmetyki-damskie-do-twarzy.html
776;774;Kosmetyki damskie do ciała;https://www.komputronik.pl/category/13709/kosmetyki-damskie-do-ciala.html
777;774;Kosmetyki damskie do włosów;https://www.komputronik.pl/category/13717/kosmetyki-damskie-do-wlosow.html
778;774;Kosmetyki damskie do opalania;https://www.komputronik.pl/category/13723/kosmetyki-damskie-do-opalania.html
779;774;Kosmetyki dla mam;https://www.komputronik.pl/category/14583/kosmetyki-dla-mam.html
780;773;Makijaż;https://www.komputronik.pl/category/13763/kosmetyki-do-makijazu.html
781;780;Oczy;https://www.komputronik.pl/category/13764/makijaz-oczu.html
782;780;Usta;https://www.komputronik.pl/category/13773/kosmetyki-do-makijazu-ust.html
783;780;Twarz;https://www.komputronik.pl/category/13779/kosmetyki-do-makijazu-twarzy.html
784;780;Paznokcie;https://www.komputronik.pl/category/13787/kosmetyki-do-paznokci.html
785;780;Akcesoria;https://www.komputronik.pl/category/13792/akcesoria.html
786;773;Perfumy damskie;https://www.komputronik.pl/category/16527/perfumy-damskie.html
787;786;Wody toaletowe;https://www.komputronik.pl/category/16535/wody-toaletowe-dla-kobiet.html
788;786;Wody perfumowane;https://www.komputronik.pl/category/16534/wody-perfumowane-dla-kobiet.html
789;773;Kosmetyki dla mężczyzn;https://www.komputronik.pl/category/13728/kosmetyki-dla-mezczyzn.html
790;789;Kosmetyki męskie do twarzy;https://www.komputronik.pl/category/13729/kosmetyki-do-twarzy-dla-mezczyzn.html
791;789;Kosmetyki męskie do ciała;https://www.komputronik.pl/category/13730/kosmetyki-do-ciala-dla-mezczyzn.html
792;789;Kosmetyki męskie do golenia;https://www.komputronik.pl/category/13731/kosmetyki-meskie-do-golenia.html
793;789;Kosmetyki męskie do włosów;https://www.komputronik.pl/category/13733/pielegnacja-wlosow-dla-mezczyzn.html
794;789;Kosmetyki męskie do pielęgnacji brody;https://www.komputronik.pl/category/17527/pielegnacja-brody.html
795;773;Perfumy męskie;https://www.komputronik.pl/category/16526/perfumy-meskie.html
796;795;Wody toaletowe;https://www.komputronik.pl/category/16531/wody-toaletowe.html
797;795;Wody perfumowane;https://www.komputronik.pl/category/16530/wody-perfumowane.html
798;795;Wody kolońskie;https://www.komputronik.pl/category/16529/wody-kolonskie.html
799;773;Kosmetyki dla dzieci;https://www.komputronik.pl/category/14576/kosmetyki-dla-dzieci.html
800;799;Akcesoria pielęgnacyjne dla dzieci;https://www.komputronik.pl/category/16550/akcesoria-pielegnacyjne-dla-dzieci.html
801;799;Detergenty przyjazne dzieciom;https://www.komputronik.pl/category/16552/detergenty-przyjazne-dzieciom.html
802;799;Mydła i żele do kąpieli;https://www.komputronik.pl/category/14870/zele-do-kapieli-mydla-dla-dzieci.html
803;799;Pielęgnacja ciała dziecka;https://www.komputronik.pl/category/14868/pielegnacja-ciala-dziecka.html
804;799;Pielęgnacja słoneczna;https://www.komputronik.pl/category/14982/ochrona-przed-sloncem.html
805;799;Szampony dla dzieci;https://www.komputronik.pl/category/14871/szampony-dla-dzieci.html
806;773;Kosmetyki naturalne;https://www.komputronik.pl/category/13735/kosmetyki-naturalne.html
807;806;Kosmetyki naturalne do twarzy;https://www.komputronik.pl/category/13736/kosmetyki-naturalne-do-twarzy.html
808;806;Kosmetyki naturalne do ciała;https://www.komputronik.pl/category/13745/kosmetyki-naturalne-do-ciala.html
809;806;Kosmetyki naturalne do włosów;https://www.komputronik.pl/category/13752/kosmetyki-naturalne-do-wlosow.html
810;773;Higiena jamy ustnej;https://www.komputronik.pl/category/17421/higiena-jamy-ustnej.html
811;810;Pasty do zębów;https://www.komputronik.pl/category/17493/pasty-do-zebow.html
812;810;Płyny do płukania jamy ustnej;https://www.komputronik.pl/category/17494/plyny-do-plukania-jamy-ustnej.html
813;810;Odświeżacze do ust;https://www.komputronik.pl/category/17496/odswiezacze-do-ust.html
814;810;Preparaty do czyszczenia aparatów ortodontycznych;https://www.komputronik.pl/category/17497/preparaty-do-czyszczenia-aparatow-ortodontycznych.html
815;773;Zestawy kosmetyków;https://www.komputronik.pl/category/15090/zestawy-kosmetykow.html
816;815;Kosmetyki dla kobiet;https://www.komputronik.pl/category/15092/zestawy-konsmetykow-dla-kobiet.html
817;773;Sprzęt sportowy;https://www.komputronik.pl/category/14600/dla-sportowcow-i-ludzi-aktywnych.html
818;817;Drążki gimnastyczne;https://www.komputronik.pl/category/18764/drazki-gimnastyczne.html
819;817;Ekspandery;https://www.komputronik.pl/category/18360/ekspandery.html
820;817;Gogle narciarskie;https://www.komputronik.pl/category/18746/gogle-narciarskie.html
821;817;Gryfy;https://www.komputronik.pl/category/18762/gryfy.html
822;817;Hantle;https://www.komputronik.pl/category/18208/hantle.html
823;817;Kaski narciarskie;https://www.komputronik.pl/category/18744/kaski-narciarskie.html
824;817;Kettlebell;https://www.komputronik.pl/category/18761/kettlebell.html
825;817;Ławki treningowe;https://www.komputronik.pl/category/18213/lawki-treningowe.html
826;817;Maty do jogi;https://www.komputronik.pl/category/18760/maty-do-jogi.html
827;817;Nawigacja piesza;https://www.komputronik.pl/category/6334/nawigacja-piesza.html
828;817;Orbitreki;https://www.komputronik.pl/category/17860/orbitreki.html
829;817;Piłki gimnastyczne;https://www.komputronik.pl/category/18209/pilki-gimnastyczne.html
830;817;Rolki do masażu;https://www.komputronik.pl/category/18210/rolki-do-masazu.html
831;817;Rowery treningowe;https://www.komputronik.pl/category/17734/rowery-treningowe.html
832;817;Słuchawki dla sportowców;https://www.komputronik.pl/search-filter/8077/sluchawki-dla-sportowcow
833;817;Smartwatche i zegarki;https://www.komputronik.pl/category/18499/smartwatche-i-zegarki.html
834;817;Steppery;https://www.komputronik.pl/category/18212/steppery.html
835;817;Wagi łazienkowe;https://www.komputronik.pl/category/7399/wagi-lazienkowe.html
836;817;Wędkarstwo;https://www.komputronik.pl/category/17246/wedkarstwo.html
837;773;Sprzęt medyczny;https://www.komputronik.pl/category/18245/sprzet-medyczny.html
838;837;Aparaty słuchowe;https://www.komputronik.pl/category/18615/aparaty-sluchowe.html
839;null;Moto;https://www.komputronik.pl/category/14599/motoryzacja.html
840;839;Akcesoria dla zmotoryzowanych;https://www.komputronik.pl/category/8971/akcesoria-samochodowe.html
841;840;Ładowarki samochodowe;https://www.komputronik.pl/search-filter/7282/ladowarki-samochodowe
842;840;Alkomaty;https://www.komputronik.pl/category/11424/alkomaty.html
843;840;Transmitery FM;https://www.komputronik.pl/category/11220/transmitery-fm.html
844;840;Kamery cofania;https://www.komputronik.pl/category/11160/kamery-cofania.html
845;840;Lusterka do obserwacji dziecka;https://www.komputronik.pl/category/18648/lusterka-do-obserwacji-dziecka.html
846;840;Odbiorniki GPS;https://www.komputronik.pl/category/6338/odbiorniki-gps.html
847;840;Odkurzacze ręczne;https://www.komputronik.pl/category/18004/odkurzacze-reczne.html
848;840;Organizery CAR HI-FI;https://www.komputronik.pl/category/396/organizery-car-hi-fi.html
849;840;Podkładki antypoślizgowe;https://www.komputronik.pl/category/1635/podkladki-antyposlizgowe.html
850;840;Power Banki;https://www.komputronik.pl/category/10353/power-bank.html
851;840;Przetwornice samochodowe;https://www.komputronik.pl/category/16179/przetwornice-do-laptopa.html
852;840;Rozgałęziacze gniazda zapalniczki;https://www.komputronik.pl/category/10069/rozgaleziacze-gniazda-zapalniczki.html
853;840;Termosy i kubki termiczne;https://www.komputronik.pl/category/15024/termosy-kubki-termiczne.html
854;840;Torby i etui do nawigacji;https://www.komputronik.pl/category/398/torby-i-etui-do-nawigacji.html
855;840;Uchwyty do telefonów;https://www.komputronik.pl/category/7285/uchwyty-do-telefonow.html
856;840;Wideorejestratory;https://www.komputronik.pl/category/13904/wideorejestratory.html
857;840;Zestawy głośnomówiące;https://www.komputronik.pl/category/1645/zestawy-glosnomowiace.html
858;840;Zestawy słuchawkowe;https://www.komputronik.pl/category/10298/zestawy-sluchawkowe.html
859;839;Car Audio;https://www.komputronik.pl/category/1416/car-audio.html
860;859;Anteny samochodowe;https://www.komputronik.pl/category/13946/anteny-samochodowe.html
861;859;Transmitery FM;https://www.komputronik.pl/category/11220/transmitery-fm.html
862;859;Radioodtwarzacze samochodowe;https://www.komputronik.pl/category/7550/radioodtwarzacze-samochodowe.html
863;839;Nawigacja GPS;https://www.komputronik.pl/category/333/nawigacja-gps.html
864;863;Nawigacja motocyklowa;https://www.komputronik.pl/category/6335/nawigacje-motocyklowe.html
865;863;Nawigacja piesza;https://www.komputronik.pl/category/6334/nawigacja-piesza.html
866;863;Nawigacja rowerowa;https://www.komputronik.pl/category/18512/nawigacja-rowerowa.html
867;863;Nawigacja samochodowa;https://www.komputronik.pl/category/6321/nawigacje-samochodowe.html
868;863;Mapy do nawigacji;https://www.komputronik.pl/category/6336/mapy-do-nawigacji.html
869;839;Kamery samochodowe;https://www.komputronik.pl/category/17848/kamery-samochodowe.html
870;869;Wideorejestratory;https://www.komputronik.pl/category/13904/wideorejestratory.html
871;869;Kamery cofania;https://www.komputronik.pl/category/11160/kamery-cofania.html
872;869;Akcesoria do kamer samochodowych;https://www.komputronik.pl/category/18691/akcesoria-do-kamer-samochodowych.html
873;839;Chemia samochodowa;https://www.komputronik.pl/category/17581/chemia-samochodowa.html
874;873;Pielęgnacja lakieru;https://www.komputronik.pl/category/17582/pielegnacja-lakieru.html
875;873;Pielęgnacja wnętrza;https://www.komputronik.pl/category/17584/pielegnacja-wnetrza.html
876;873;Pielęgnacja metalu i chromu;https://www.komputronik.pl/category/17585/pielegnacja-metalu-i-chromu.html
877;873;Płyny do spryskiwaczy;https://www.komputronik.pl/category/17586/plyny-do-spryskiwaczy.html
878;873;Zapachy samochodowe;https://www.komputronik.pl/category/17989/zapachy-samochodowe.html
879;839;Oświetlenie samochodowe;https://www.komputronik.pl/category/17657/oswietlenie-samochodowe.html
880;879;Żarówki H1;https://www.komputronik.pl/category/18045/zarowki-h1.html
881;879;Żarówki H4;https://www.komputronik.pl/category/18046/zarowki-h4.html
882;879;Żarówki H7;https://www.komputronik.pl/category/18047/zarowki-h7.html
883;879;Żarówki D1S;https://www.komputronik.pl/category/18048/zarowki-d1s.html
884;879;Żarówki D2S;https://www.komputronik.pl/category/18049/zarowki-d2s.html
885;879;Żarówki D3S;https://www.komputronik.pl/category/18050/zarowki-d3s.html
886;879;Żarówki D2R;https://www.komputronik.pl/category/18051/zarowki-d2r.html
887;839;Sprzęt warsztatowy;https://www.komputronik.pl/category/17654/sprzet-warsztatowy.html
888;887;Agregaty prądotwórcze;https://www.komputronik.pl/category/18392/agregaty-pradotworcze.html
889;887;Akumulatory rozruchowe;https://www.komputronik.pl/category/18038/akumulatory-rozruchowe.html
890;887;Klucze udarowe;https://www.komputronik.pl/category/18221/klucze-udarowe.html
891;887;Kompresory samochodowe;https://www.komputronik.pl/category/17655/kompresory-samochodowe.html
892;887;Lejki samochodowe;https://www.komputronik.pl/category/18043/lejki-samochodowe.html
893;887;Odkurzacze ręczne;https://www.komputronik.pl/category/18004/odkurzacze-reczne.html
894;887;Podnośniki samochodowe;https://www.komputronik.pl/category/18029/podnosniki-samochodowe.html
895;887;Prostowniki samochodowe;https://www.komputronik.pl/category/17525/prostowniki-samochodowe.html
896;887;Skrzynki narzędziowe;https://www.komputronik.pl/category/15361/skrzynki-narzedziowe.html
897;887;Wyciągarki;https://www.komputronik.pl/category/17970/wyciagarki.html
898;887;Zestawy bitów;https://www.komputronik.pl/category/16858/zestawy-bitow.html
899;887;Wkrętaki;https://www.komputronik.pl/category/15374/wkretaki.html
900;839;Pojazdy elektryczne;https://www.komputronik.pl/category/17245/pojazdy-elektryczne.html
901;900;Segway;https://www.komputronik.pl/category/17871/segway.html
902;900;Deskorolki elektryczne;https://www.komputronik.pl/category/17873/deskorolki-elektryczne.html
903;900;Quady elektryczne;https://www.komputronik.pl/category/17874/quady-elektryczne.html
904;900;Hulajnogi elektryczne;https://www.komputronik.pl/search-filter/17872/hulajnogi-elektryczne
905;839;Wyposażenie samochodu;https://www.komputronik.pl/category/18040/wyposazenie-samochodu.html
906;905;Bagażniki samochodowe;https://www.komputronik.pl/category/18041/bagazniki-samochodowe.html
907;839;Zabezpieczenia przed kradzieżą;https://www.komputronik.pl/category/17930/zabezpieczenia-przed-kradzieza.html
908;907;Blokady motocyklowe;https://www.komputronik.pl/category/17932/blokady-motocyklowe.html
909;null;Hobby;https://www.komputronik.pl/category/15261/hobby-rozrywka.html
910;909;Sprzęt sportowy;https://www.komputronik.pl/category/14600/dla-sportowcow-i-ludzi-aktywnych.html
911;910;Drążki gimnastyczne;https://www.komputronik.pl/category/18764/drazki-gimnastyczne.html
912;910;Ekspandery;https://www.komputronik.pl/category/18360/ekspandery.html
913;910;Gogle narciarskie;https://www.komputronik.pl/category/18746/gogle-narciarskie.html
914;910;Gryfy;https://www.komputronik.pl/category/18762/gryfy.html
915;910;Hantle;https://www.komputronik.pl/category/18208/hantle.html
916;910;Kaski narciarskie;https://www.komputronik.pl/category/18744/kaski-narciarskie.html
917;910;Kettlebell;https://www.komputronik.pl/category/18761/kettlebell.html
918;910;Ławki treningowe;https://www.komputronik.pl/category/18213/lawki-treningowe.html
919;910;Maty do jogi;https://www.komputronik.pl/category/18760/maty-do-jogi.html
920;910;Nawigacja piesza;https://www.komputronik.pl/category/6334/nawigacja-piesza.html
921;910;Orbitreki;https://www.komputronik.pl/category/17860/orbitreki.html
922;910;Piłki gimnastyczne;https://www.komputronik.pl/category/18209/pilki-gimnastyczne.html
923;910;Rolki do masażu;https://www.komputronik.pl/category/18210/rolki-do-masazu.html
924;910;Rowery treningowe;https://www.komputronik.pl/category/17734/rowery-treningowe.html
925;910;Słuchawki dla sportowców;https://www.komputronik.pl/search-filter/8077/sluchawki-dla-sportowcow
926;910;Smartwatche i zegarki;https://www.komputronik.pl/category/18499/smartwatche-i-zegarki.html
927;910;Steppery;https://www.komputronik.pl/category/18212/steppery.html
928;910;Wagi łazienkowe;https://www.komputronik.pl/category/7399/wagi-lazienkowe.html
929;910;Wędkarstwo;https://www.komputronik.pl/category/17246/wedkarstwo.html
930;909;Sprzęt rowerowy;https://www.komputronik.pl/category/18554/sprzet-rowerowy.html
931;930;Bagażniki rowerowe;https://www.komputronik.pl/category/18733/bagazniki-rowerowe.html
932;930;Foteliki rowerowe;https://www.komputronik.pl/category/18734/foteliki-rowerowe.html
933;930;Koszyki na rower;https://www.komputronik.pl/category/18736/koszyki-na-rower.html
934;930;Liczniki rowerowe;https://www.komputronik.pl/category/18557/liczniki-rowerowe.html
935;930;Nawigacja rowerowa;https://www.komputronik.pl/category/18512/nawigacja-rowerowa.html
936;930;Okulary rowerowe;https://www.komputronik.pl/category/18556/okulary-rowerowe.html
937;930;Oświetlenie rowerowe;https://www.komputronik.pl/category/18558/oswietlenie-rowerowe.html
938;930;Pokrowce na rowery;https://www.komputronik.pl/category/18638/pokrowce-na-rowery.html
939;930;Sakwy i torby rowerowe;https://www.komputronik.pl/category/18735/sakwy-i-torby-rowerowe.html
940;930;Uchwyty rowerowe na telefon;https://www.komputronik.pl/search-filter/7285/uchwyty-rowerowe-na-telefon
941;909;Hulajnogi;https://www.komputronik.pl/category/17872/hulajnogi.html
942;941;Hulajnogi elektryczne;https://www.komputronik.pl/search-filter/17872/hulajnogi-elektryczne
943;941;Hulajnogi tradycyjne;https://www.komputronik.pl/search-filter/17872/hulajnogi-tradycyjne
944;941;Hulajnogi dla dzieci;https://www.komputronik.pl/search-filter/17872/hulajnogi-dla-dzieci
945;941;Hulajnogi dla dorosłych;https://www.komputronik.pl/search-filter/17872/hulajnogi-dla-doroslych
946;909;Turystyka;https://www.komputronik.pl/category/15619/turystyka.html
947;946;Adaptery zasilania;https://www.komputronik.pl/category/16770/adaptery-zasilania.html
948;946;Krzesiwa i zapalniczki;https://www.komputronik.pl/category/16776/krzesiwa-i-zapalniczki.html
949;946;Kuchenki turystyczne;https://www.komputronik.pl/category/18324/kuchenki-turystyczne.html
950;946;Kuchnia turystyczna;https://www.komputronik.pl/category/16571/kuchnia-turystyczna.html
951;946;Lodówki turystyczne;https://www.komputronik.pl/category/15745/lodowki-turystyczne.html
952;946;Multitoole;https://www.komputronik.pl/category/16136/multitoole.html
953;946;Odzież bluetooth;https://www.komputronik.pl/category/17986/odziez-bluetooth.html
954;946;Odzież ogrzewana;https://www.komputronik.pl/category/17985/odziez-ogrzewana.html
955;946;Plecaki;https://www.komputronik.pl/category/15620/plecaki.html
956;946;Scyzoryki;https://www.komputronik.pl/category/17181/scyzoryki.html
957;946;Torby podróżne;https://www.komputronik.pl/category/15623/torby-podrozne.html
958;946;Torby termoizolacyjne;https://www.komputronik.pl/category/18677/torby-termoizolacyjne.html
959;946;Wagi bagażowe;https://www.komputronik.pl/category/18113/wagi-bagazowe.html
960;946;Walizki podróżne;https://www.komputronik.pl/category/15626/walizki-podrozne.html
961;909;Sprzęt muzyczny;https://www.komputronik.pl/category/14850/sprzet-muzyczny.html
962;961;Akcesoria do gitar;https://www.komputronik.pl/category/15842/akcesoria-do-gitar.html
963;961;Gramofony;https://www.komputronik.pl/category/15579/gramofony.html
964;961;Interfejsy;https://www.komputronik.pl/category/16150/interfejsy.html
965;961;Klawiatury sterujące;https://www.komputronik.pl/category/16148/klawiatury-sterujace.html
966;961;Kontrolery;https://www.komputronik.pl/category/16149/kontrolery.html
967;961;Mikrofony;https://www.komputronik.pl/category/8083/mikrofony.html
968;961;Miksery audio;https://www.komputronik.pl/category/16151/miksery-audio.html
969;961;Monitory studyjne;https://www.komputronik.pl/category/16091/monitory-studyjne.html
970;961;Perkusje i akcesoria;https://www.komputronik.pl/category/15801/perkusje-i-akcesoria.html
971;961;Rejestratory dźwięku;https://www.komputronik.pl/category/17509/rejestratory-dzwieku.html
972;961;Samplery;https://www.komputronik.pl/category/15800/samplery.html
973;961;Słuchawki studyjne;https://www.komputronik.pl/category/16516/sluchawki-studyjne.html
974;909;Zdalnie sterowane;https://www.komputronik.pl/category/18424/zdalnie-sterowane.html
975;974;Drony;https://www.komputronik.pl/category/13555/drony-wielowirnikowce.html
976;974;Roboty zabawki;https://www.komputronik.pl/category/18311/roboty-zabawki.html
977;909;Wędkarstwo;https://www.komputronik.pl/category/17246/wedkarstwo.html
978;977;Echosondy;https://www.komputronik.pl/category/17877/echosondy.html
979;909;Odzież sportowa;https://www.komputronik.pl/category/18533/odziez-sportowa.html
980;979;Gogle narciarskie;https://www.komputronik.pl/category/18746/gogle-narciarskie.html
981;979;Kaski narciarskie;https://www.komputronik.pl/category/18744/kaski-narciarskie.html
982;979;Koszulki treningowe;https://www.komputronik.pl/category/18539/koszulki-treningowe.html
983;979;Kurtki sportowe;https://www.komputronik.pl/category/18532/kurtki-sportowe.html
984;979;Skarpetki sportowe;https://www.komputronik.pl/category/18543/skarpetki-sportowe.html
985;909;Militaria i survival;https://www.komputronik.pl/category/16122/militaria-i-survival.html
986;985;Wyposażenie osobiste;https://www.komputronik.pl/category/16134/wyposazenie-osobiste.html
987;985;Wyposażenie taktyczne;https://www.komputronik.pl/category/16139/wyposazenie-taktyczne.html
988;909;Muzyka;https://www.komputronik.pl/category/18542/muzyka.html
989;null;Usługi;https://www.komputronik.pl/category/17976/uslugi.html
990;989;Doładowania telefonów GSM;https://www.komputronik.plhttps://www.komputronik.pl/informacje/uslugi/doladowania-telefonow-gsm/
991;989;Naprawy pogwarancyjne notebooków;https://www.komputronik.plhttps://www.komputronik.pl/informacje/uslugi/naprawy-pogwarancyjne-notebookow/
992;989;Naprawy pogwarancyjne - foto i multimedia;https://www.komputronik.plhttps://www.komputronik.pl/informacje/uslugi/naprawy-pogwarancyjne-foto-multimedia/
993;989;Usługi serwisowe;https://www.komputronik.plhttps://www.komputronik.pl/informacje/uslugi/uslugi-serwisowe/
994;989;Usługi finansowe - raty;https://www.komputronik.plhttps://www.komputronik.pl/informacje/uslugi/raty/
995;989;Usługi finansowe - leasing;https://www.komputronik.plhttps://www.komputronik.pl/informacje/uslugi/leasing/
996;989;Karty podarunkowe;https://www.komputronik.plhttps://www.komputronik.pl/lp/karty-podarunkowe/
997;989;Ochrona sprzętu - ubezpieczenia;https://www.komputronik.plhttps://www.komputronik.pl/informacje/uslugi/uslugi-ubezpieczeniowe/
998;989;Usługi serwerowe;https://www.komputronik.plhttps://www.komputronik.pl/informacje/uslugi/uslugi-serwerowe/
999;989;Odzyskiwanie danych;https://www.komputronik.plhttps://www.komputronik.pl/informacje/uslugi/odzyskiwanie-danych/
1000;989;Transport z wniesieniem;https://www.komputronik.pl//www.komputronik.pl/informacje/uslugi/transport-z-wniesieniem/
